Entity2,Entity1
http://vocabularies.unesco.org/thesaurus/concept3799,https://vocabs.dariah.eu/tadirah/cataloging
http://vocabularies.unesco.org/thesaurus/concept4191,https://vocabs.dariah.eu/tadirah/disseminating
http://vocabularies.unesco.org/thesaurus/concept4207,https://vocabs.dariah.eu/tadirah/editing
http://vocabularies.unesco.org/thesaurus/concept4479,https://vocabs.dariah.eu/tadirah/searching
http://vocabularies.unesco.org/thesaurus/concept511,https://vocabs.dariah.eu/tadirah/capturing
http://vocabularies.unesco.org/thesaurus/concept512,https://vocabs.dariah.eu/tadirah/disseminating
http://vocabularies.unesco.org/thesaurus/concept514,https://vocabs.dariah.eu/tadirah/informationRetrieval
http://vocabularies.unesco.org/thesaurus/concept521,https://vocabs.dariah.eu/tadirah/programming
http://vocabularies.unesco.org/thesaurus/concept7387,https://vocabs.dariah.eu/tadirah/gathering
