entity,source_or_target,entity_type,syntactic_matching,lexical_matching,semantic_matching
http://thesauri.dainst.org/_003b194e,Source,Class,geneigt,"In archaeology context, German “geneigt” means “inclined” or “sloping,” e.g., a geneigte Fläche/Schicht = an inclined/sloped surface or layer.","- “Bautechnische Merkmale” has the narrower concept “geneigt”.
- “geneigt” has the broader concept “Bautechnische Merkmale”."
http://thesauri.dainst.org/_00433119,Source,Class,nebenorte,"In archaeology (especially German-speaking scholarship), Nebenorte are “secondary sites” associated with a primary/central site (Hauptort). They are smaller or peripheral locations—satellite settlements, outlying workshops, burial grounds, farmsteads, or activity areas—that functionally relate to the main center but are spatially separate.","- “Nebenorte” is a broader concept’s narrower concept of “Siedlungstypen/- areale.”
- “Siedlungstypen/- areale” has the narrower concept “Nebenorte.”"
http://thesauri.dainst.org/_0043df4f,Source,Class,fundamentschnitte,"In archaeology (German usage), Fundamentschnitte are “foundation trenches/cuts”: narrow excavation trenches dug along the lines of building foundations to locate, expose, and study the walls’ footing, construction phases, and stratigraphy without opening large areas.","- Bauteile has narrower concept Fundamentschnitte.
- Fundamentschnitte has broader concept Bauteile."
http://thesauri.dainst.org/_00a5ac27,Source,Class,paneele,"In archaeology, Paneele (German: singular Paneel) refers to panels—flat sections or slabs bearing images, reliefs, inscriptions, or painted scenes, often forming parts of larger narrative or decorative programs (e.g., mural panels, relief panels on stelae, temple walls, or architectural cladding).","- “Objektkomponenten” has the more specific concept “Paneele”.
- “Paneele” has the broader concept “Objektkomponenten”."
http://thesauri.dainst.org/_00b63a49,Source,Class,scheinkalypter,"Scheinkalypter (German, “false calypter”) in archaeology refers to a pseudo-umbilicus or mock cover plate on a fibula (brooch). It’s a decorative, non-functional element that imitates a calypter/cover over the spring or hinge area but doesn’t actually serve as a protective cap. Often seen on late Roman/Provincial Roman fibula types.","- “Scheinkalypter” is a broader concept’s narrower term of “Ziegel.”
- “Ziegel” has the narrower concept “Scheinkalypter.”"
http://thesauri.dainst.org/_010e418a,Source,Class,schriftrollen,"In archaeology, “Schriftrollen” (German) means “scrolls,” i.e., rolled manuscripts made of papyrus, parchment, or leather, such as the Dead Sea Scrolls.","- “Bild- und Schriftträger” has narrower concept “Schriftrollen”.
- “Schriftrollen” has broader concept “Bild- und Schriftträger”."
http://thesauri.dainst.org/_010e95a0,Source,Class,turmh gel,"In archaeology, a Turmhügel is a small artificial mound (motte) that once supported a tower or small fortification—essentially the mound component of a motte-and-bailey–type site in German-speaking regions.","- “Siedlungstypen/- areale” has narrower concept “Turmhügel”.
- “Turmhügel” has broader concept “Siedlungstypen/- areale”."
http://thesauri.dainst.org/_0151189b,Source,Class,gewunden,"In archaeology (from German), gewunden means “twisted,” “winding,” or “meandering,” often describing the shape or layout of objects or features (e.g., a twisted ornament, a sinuous trench or ditch).","- “gewunden” is a narrower concept of “Merkmale der Form”.
- “Merkmale der Form” is a broader concept of “gewunden”."
http://thesauri.dainst.org/_0159d808,Source,Class,diadumenos,"In archaeology/art history, the Diadumenos is a type of ancient Greek statue depicting a young athlete tying a victory fillet (headband) around his head. The canonical version is by Polykleitos (5th century BCE).","- “<nach Typ>” has the narrower concept “Diadumenos”.
- “Diadumenos” has the broader concept “<nach Typ>”."
http://thesauri.dainst.org/_019df4e5,Source,Class,sockel,"In archaeology, Sockel (German) means the base or plinth of a structure or monument—i.e., the lower supporting part on which a wall, column, statue, altar, or similar feature stands.","- “Bauteile” has narrower concept “Sockel”.
- “Sockel” has broader concept “Bauteile”."
http://thesauri.dainst.org/_01ad4a56,Source,Class,aneinandersto end,"In archaeology, aneinanderstoßend means “abutting” or “butting against each other”—used to describe features, layers, stones, or wall segments that directly touch without overlap, indicating a physical junction.","- “Bautechnische Merkmale” has narrower concept “aneinanderstoßend”.
- “aneinanderstoßend” has broader concept “Bautechnische Merkmale”."
http://thesauri.dainst.org/_01ae2dab,Source,Class,kollonaden,"In archaeology, “Kollonaden” (German: Kolonnaden) refers to colonnades—rows of evenly spaced columns supporting an entablature or roof, often forming covered walkways in temples, forums, or public buildings.","- “Kollonaden” is a narrower concept of “Bauteile”.
- “Bauteile” is a broader concept of “Kollonaden”."
http://thesauri.dainst.org/_01c505d2,Source,Class,kopfgef e,"In archaeology, Kopfgefäße (often grouped as Kopf- und Büstengefäße) are head-shaped or bust-shaped vessels—ceramic containers modeled as a human head or upper torso, used as figurative containers, often for ritual, funerary, or representational purposes.","- “<nach Formen>” has narrower concept “Kopfgefäße”.
- “Kopfgefäße” has broader concept “<nach Formen>”."
http://thesauri.dainst.org/_01c86444,Source,Class,h tten,"In archaeological context, Hütten (German; singular Hütte) typically refers to huts—small, often temporary or seasonal dwellings or structures. It can denote simple shelters, workshop huts, or hut foundations identified in excavations (e.g., prehistoric or medieval hut sites).","- “Hütten” is a broader concept’s narrower term of “Wohnbauten” → “Hütten” is a type of “Wohnbauten.”
- “Wohnbauten” has the narrower concept “Hütten” → “Wohnbauten” includes “Hütten.”"
http://thesauri.dainst.org/_01cbb854,Source,Class,lotuskapitelle,"In archaeology, Lotuskapitelle (German) are “lotus capitals”: column capitals carved in the form of lotus buds or open lotus flowers, characteristic of ancient Egyptian architecture and their Near Eastern/Classicizing adaptations.","- “Lotuskapitelle” is a narrower concept of “Kapitelle.”
- “Kapitelle” has the narrower concept “Lotuskapitelle.”
- “Kapitelle” is a broader concept of “Lotuskapitelle.”
- “Lotuskapitelle” has the broader concept “Kapitelle.”"
http://thesauri.dainst.org/_0201175e,Source,Class,schuhn gel,"In archaeology, Schuhnägel are hobnails—small iron nails from the soles of shoes or boots. They often survive in graves or occupation layers and can indicate footwear type, date, and activity (e.g., marching), sometimes outlining the shoe’s sole in situ.","- “Militaria/Waffen” has narrower concept “Schuhnägel”.
- “Schuhnägel” has broader concept “Militaria/Waffen”."
http://thesauri.dainst.org/_024b5f92,Source,Class,zickzackdurchg nge,"Zickzackdurchgänge (German) in archaeology refers to “zigzag passages” or “dogleg corridors” — narrow, angular, zigzag-shaped access passages, often in fortifications or temple/ritual complexes, designed to slow, control, or ritualize movement through an entrance.","- “Zickzackdurchgänge” is a narrower concept of “Bauteile”.
- “Bauteile” is a broader concept of “Zickzackdurchgänge”."
http://thesauri.dainst.org/_0264b718,Source,Class,k nstliche teiche,"In archaeology, Künstliche Teiche means artificial ponds—man‑made water bodies constructed for purposes such as resource management, fish farming, ritual activity, or landscape control.","- “Installationen/Infrastruktur” has narrower concept “Künstliche Teiche”.
- “Künstliche Teiche” has broader concept “Installationen/Infrastruktur”."
http://thesauri.dainst.org/_0281891b,Source,Class,deckel,"In archaeology, Deckel (German) means “lid” or “cover” — typically the cover of a vessel, urn, or container.","- “Deckel” is a broader concept under “Objektkomponenten.” (Deckel skos:broader Objektkomponenten)
- “Objektkomponenten” has the narrower concept “Deckel.” (Objektkomponenten skos:narrower Deckel)"
http://thesauri.dainst.org/_0282412f,Source,Class,b gen,"In archaeology (and architecture), Bögen means “arches.” The note “Poly. Bauten” (poly. Bauten) indicates “polygonal buildings/structures,” so likely referring to arches used in polygonal constructions.","- “Bögen” is a broader concept’s narrower term of “Militaria/Waffen”.
- “Militaria/Waffen” has the narrower concept “Bögen”."
http://thesauri.dainst.org/_02e08463,Source,Class,ohrringe,"In archaeology, “Ohrringe” is German for “earrings,” referring to ear ornaments found in excavations.","- “Ohrringe” is a broader concept’s narrower term of “Schmuck.”
- “Schmuck” has the narrower concept “Ohrringe.”"
http://thesauri.dainst.org/_03007217,Source,Class,rasseln,"In archaeology, Rasseln (German) refers to prehistoric or historic rattles—noise-making objects (often of metal, clay, or organic materials) that contain loose pellets and were used in rituals, music, or as sound-signaling devices.","- “Musikinstrumente” has narrower concept “Rasseln”.
- “Rasseln” has broader concept “Musikinstrumente”."
http://thesauri.dainst.org/_030f290f,Source,Class,teller,"In archaeology, “Teller/Platten” refers to plates or flat dish-like vessels (German: Teller = plate; Platten = platters/slabs), typically ceramic or stone, used as serving or presentation ware in past cultures.","- “Teller” is a narrower concept of “<nach Formen>”.
- “<nach Formen>” has the narrower concept “Teller”.
- “<nach Formen>” is a broader concept of “Teller”.
- “Teller” has the broader concept “<nach Formen>”."
http://thesauri.dainst.org/_031c59e9,Source,Class,b der,"In this archaeology context, “Bäder” refers to baths as individual building units (Einzelbaute), whereas “Thermen” denotes public bath complexes (Öffentliche Bauten). So “Bäder” = smaller/individual bath structures; “Thermen” = large public bath facilities.","- “Bäder” has broader concept “Öffentliche Bauten”.
- “Öffentliche Bauten” has narrower concept “Bäder”."
http://thesauri.dainst.org/_03257220,Source,Class,achsenabst nde,"In archaeology (esp. excavation plans and building archaeology), Achsenabstände means the distances between axes—i.e., the center-to-center spacing between structural or planning axes (such as columns, postholes, wall centers, or grid lines) used to lay out and measure a structure or feature.","- “Achsenabstände” is a broader concept’s narrower term of “Objektkomponenten.”  
- “Objektkomponenten” has the narrower concept “Achsenabstände.”"
http://thesauri.dainst.org/_0329e3e3,Source,Class,rot,"In archaeology, Rot is German for “red” and is often used in German site reports or artifact descriptions (e.g., Rotton/Rottonne for red clay/soil, Rotverfärbung for red discoloration from burning or iron oxides). If you saw “Rot” labeling layers or materials, it denotes the red-colored stratum or component.","- “Farben” has narrower concept “Rot”.
- “Rot” has broader concept “Farben”."
http://thesauri.dainst.org/_032d9af7,Source,Class,spielmarken,"In archaeology, Spielmarken are small gaming counters or tokens—often clay or bone discs—interpreted as pieces used in ancient board games or gambling.","- “Spielmarken” is a broader concept’s member: it is narrower than “Spielzeug.”
- “Spielzeug” has a narrower concept: “Spielmarken.”"
http://thesauri.dainst.org/_0337a042,Source,Class,peda,"In archaeology, Peda refers to the Southeastern Mesoamerican language family—also called Pech, Paya, or Paja—associated with the ancient Payan/Pech peoples of northeastern Honduras. It appears in older literature as “Peda/Paya” when discussing inscriptions, place-names, or cultural affiliations in that region.","- “Peda” is a broader concept under “Sakralobjekte.”
- “Sakralobjekte” has the narrower concept “Peda.”"
http://thesauri.dainst.org/_0372605f,Source,Class,kessel,"In archaeology, Kessel (German for “kettle” or “cauldron”) commonly refers to a bronze cauldron—large metal vessel used in ritual or feasting contexts, often found as grave goods or hoard items in Iron Age and later European sites. It can also appear in site or feature names derived from the vessel term.","- “Kessel” is a narrower concept of “<nach Formen>”.
- “<nach Formen>” has the narrower concept “Kessel”.
- “<nach Formen>” is a broader concept of “Kessel”.
- “Kessel” has the broader concept “<nach Formen>”."
http://thesauri.dainst.org/_03736c4c,Source,Class,winkelmesser,"In archaeological context, a Winkelmesser is a clinometer/angle-measuring device used to measure slopes, inclinations, or angles in the field—e.g., for profiling excavation sections, recording stratigraphy, or surveying features.","- “Messgeräte” has narrower concept “Winkelmesser”.
- “Winkelmesser” has broader concept “Messgeräte”."
http://thesauri.dainst.org/_0393c98e,Source,Class,ostraka,"In archaeology, ostraka (singular: ostrakon) are broken pieces of pottery or stone flakes used as writing surfaces, typically for informal notes, receipts, lists, or voting (e.g., Athenian ostracism).","- “Ostraka” is a broader concept’s narrower term: “Ostraka” has the broader concept “Wahl-/Losobjekte.”
- “Wahl-/Losobjekte” has the narrower concept “Ostraka.”"
http://thesauri.dainst.org/_0397d0b4,Source,Class,galeri,"In archaeology, Galeri (Welsh: “galleries”) refers to gallery graves—long, narrow collective burial chambers, often megalithic, without a distinct passage separate from the burial space.","- “Galeri” has broader concept “Militaria/Waffen”.
- “Militaria/Waffen” has narrower concept “Galeri”."
http://thesauri.dainst.org/_03d33958,Source,Class,grabm ler,"In archaeology, Grabmäler (German) means grave monuments or tomb markers—constructed features commemorating or marking burials. In RGK contexts, it refers to material remains like stelae, stone settings, mounds, or built tombs associated with graves.","- “<nach Typ>” has narrower concept “Grabmäler”.
- “Grabmäler” has broader concept “<nach Typ>”."
http://thesauri.dainst.org/_03d34291,Source,Class,flachziegel,"In archaeology, Flachziegel refers to flat roofing tiles—broad, relatively thin ceramic tiles (as opposed to curved tiles) used to cover roofs or floors in ancient and medieval constructions. They are diagnostic building materials found in excavations, often indicating roofing systems, dating, and construction techniques.","- “Flachziegel” is a broader concept’s narrower term of “Ziegel.” (Flachziegel is narrower than Ziegel.)
- “Ziegel” has the narrower concept “Flachziegel.” (Ziegel is broader than Flachziegel.)"
http://thesauri.dainst.org/_04676ff3,Source,Class,chitone,"Chitone (also spelled chitone/chiton) in archaeology refers to the marine mollusk (class Polyplacophora) whose shell plates were sometimes used or found in archaeological contexts, or to objects/shells resembling chiton plates. It does not refer to the Greek garment (that’s chiton) in this context.","- “Bekleidung” has narrower concept “Chitone”.
- “Chitone” has broader concept “Bekleidung”."
http://thesauri.dainst.org/_0476238a,Source,Class,skelette,"In archaeology, “Skelette” is the German plural for “skeletons,” referring to human or animal skeletal remains.","- “Sepulkralobjekte” has the narrower concept “Skelette”.
- “Skelette” has the broader concept “Sepulkralobjekte”."
http://thesauri.dainst.org/_0483cca8,Source,Class,bauchlage,"In archaeology, Bauchlage (German) refers to a body found lying prone—face down on the stomach—i.e., a prone burial position.","- “Bauchlage” has broader concept “Bautechnische Merkmale”.
- “Bautechnische Merkmale” has narrower concept “Bauchlage”."
http://thesauri.dainst.org/_0496f481,Source,Class,gemmen,"In archaeology, Gemmen (German plural of “Gemme”) refers to engraved gemstones (intaglios or cameos) used in antiquity as seals, jewelry, or decorative inserts.","- “Gemmen” is a broader term of “Schmuck”.  
- “Schmuck” has the narrower term “Gemmen”."
http://thesauri.dainst.org/_0498eaba,Source,Class,schreine,"Schreine (German; singular Schrein) in archaeology refers to shrines—small, often box-like reliquary containers or enclosed sacred structures used to house holy objects, relics, or cult images. In archaeological contexts, it can denote portable reliquaries, shrine cabinets, or small sanctuaries found in temples, tombs, or domestic ritual spaces.","- “Sakralbauten” has narrower concept “Schreine”.
- “Schreine” has broader concept “Sakralbauten”."
http://thesauri.dainst.org/_04df8a7e,Source,Class,kryptoportiken,"In archaeology, a Kryptoportikus (German: Kryptoportiken; related to “Krypta”) is an underground or semi-subterranean vaulted corridor or gallery, often serving as a covered passageway, foundation, storage, or cooling space beneath forums, villas, or terraces in Roman architecture.","- “Kryptoportiken” is a narrower concept of “Bauteile.”
- “Bauteile” is a broader concept of “Kryptoportiken.”"
http://thesauri.dainst.org/_04ea168b,Source,Class,minen,"In archaeology, Minen (German) refers to mine workings—underground extraction sites, especially prehistoric or historic mines where ores, flint, or other minerals were quarried. It can appear in site names, reports, or maps indicating mining features or shafts.","- Gewerbe-/Wirtschaftsbauten has narrower concept Minen.
- Minen has broader concept Gewerbe-/Wirtschaftsbauten."
http://thesauri.dainst.org/_04f20a5f,Source,Class,balkennester,"In archaeology (especially German reports), Balkennester are “beam nests”: recesses or sockets cut into walls or masonry to receive and support wooden beams (e.g., floor or ceiling joists). They indicate former timber structures and floor levels.","- “Balkennester” ist ein Oberbegriff von “Bauteile”.  
- “Bauteile” hat den Unterbegriff “Balkennester”."
http://thesauri.dainst.org/_04fa2c52,Source,Class,reliquien,"In archaeology, Reliquien (German) are religious relics—physical remains of saints or sacred persons, or objects associated with them—venerated and often deposited or housed in special containers (reliquaries). In a cataloging context like KonzObj, it denotes such relics as object type/category.","- “Reliquien” is a broader concept’s narrower term of “Sakralobjekte.”  
- “Sakralobjekte” has the narrower concept “Reliquien.”"
http://thesauri.dainst.org/_05069be7,Source,Class,waschk chen,"In archaeological context, Waschküchen (German, literally “wash kitchens”) refers to communal washhouses or laundry rooms—spaces equipped for washing clothes and textiles, often with basins, heating installations, and drainage. They can appear in domestic, institutional, or military sites and inform on hygiene practices, water management, and social organization.","- Waschküchen ist ein Oberbegriff von Zimmer und Räume.  
- Zimmer und Räume hat den Unterbegriff Waschküchen."
http://thesauri.dainst.org/_053ed2e7,Source,Class,sauggef e,"In archaeology, Sauggefäße (German; singular Sauggefäß) are “sucking vessels” or “feeding bottles”: ceramic containers with a spout or tube used to suck out liquid. They are often found in prehistoric and early historic contexts and are commonly interpreted as infant feeding bottles, though they may also have been used for administering liquids to the sick or for ritual libations.","- “Sauggefäße” is a narrower concept of “<nach Formen>”.
- “<nach Formen>” has the narrower concept “Sauggefäße”.
- “<nach Formen>” is a broader concept of “Sauggefäße”.
- “Sauggefäße” has the broader concept “<nach Formen>”."
http://thesauri.dainst.org/_055781ee,Source,Class,kl rbecken,"In archaeology, Klärbecken refers to a settling or clarification basin—an engineered pit or tank where water slows so suspended solids settle out. Such features are found in ancient industrial or urban contexts (e.g., for wastewater, dyeing, metallurgy, or ceramic production) to separate sediments or impurities from liquids.","- “Installationen/Infrastruktur” has narrower concept “Klärbecken”.
- “Klärbecken” has broader concept “Installationen/Infrastruktur”."
http://thesauri.dainst.org/_058bda3b,Source,Class,querfriese,"In archaeology (German usage), a Querfriese (plural: Querfriese) is a transverse frieze—i.e., a horizontal decorative band running across (at right angles to the main axis of) a structure, wall, or object, often with relief or painted ornament.","- “Bauplastiken” has narrower concept “Querfriese”.
- “Querfriese” has broader concept “Bauplastiken”."
http://thesauri.dainst.org/_05ae3edf,Source,Class,feldherrenbinde,"In archaeology, Feldherrenbinde refers to a distinctive armband or sash interpreted as a “commander’s band” worn by high-ranking leaders (a mark of military authority) in early historic/prehistoric Central European contexts.","- “Feldherrenbinde” is a broader concept’s narrower term of “Sieges-/Herrschaftszeichen.”
- “Sieges-/Herrschaftszeichen” has the narrower concept “Feldherrenbinde.”"
http://thesauri.dainst.org/_05f78f17,Source,Class,speerschleudern,Speerschleudern (German) means “spear-throwing” and in archaeology refers to the use of a spear-thrower (atlatl) to propel darts/spears with increased force and range. It denotes both the technique and the associated tool found in prehistoric contexts.,"- “Militaria/Waffen” has narrower concept “Speerschleudern”.
- “Speerschleudern” has broader concept “Militaria/Waffen”."
http://thesauri.dainst.org/_05f881a3,Source,Class,thesauroi,"In archaeology, thesauroi (singular: thesauros) are small treasury buildings or deposit structures—often in sanctuaries—used to store offerings, valuables, and dedications.","- “Sakralbauten” has the narrower concept “Thesauroi”.
- “Thesauroi” has the broader concept “Sakralbauten”."
http://thesauri.dainst.org/_06157e09,Source,Class,wangenklappen,"In archaeology (esp. German literature), Wangenklappen are the cheekpieces of a helmet—hinged or fixed plates that protect the cheeks and sides of the face.","- “Militaria/Waffen” has narrower concept “Wangenklappen”.
- “Wangenklappen” has broader concept “Militaria/Waffen”."
http://thesauri.dainst.org/_0619d8cd,Source,Class,gamaschen,"In archaeology (especially European/German contexts), Gamaschen refers to gaiters or leggings—protective lower-leg coverings worn over shoes and trousers. They often appear as uniform or military accoutrements in historical burials or finds.","- “Bekleidung” has narrower concept “Gamaschen”.
- “Gamaschen” has broader concept “Bekleidung”."
http://thesauri.dainst.org/_062584a2,Source,Class,sitzm bel,"In archaeology, Sitzmöbel (German: “seating furniture”) refers to objects designed for sitting—e.g., stools, chairs, benches—often discussed as categories of excavated furniture or furnishings.","- Hausrat/Mobiliar has narrower concept Sitzmöbel.
- Sitzmöbel has broader concept Hausrat/Mobiliar."
http://thesauri.dainst.org/_062cc4f1,Source,Class,fensterb nder,"In archaeology (especially for Neolithic and Bronze Age house architecture in Central Europe), Fensterbänder are continuous horizontal “window bands” — long strips of small, regularly spaced window openings set high in a wall, typically just under the eaves, used for light and ventilation.","- “Bauteile” has narrower concept “Fensterbänder”.
- “Fensterbänder” has broader concept “Bauteile”."
http://thesauri.dainst.org/_06332ae6,Source,Class,verglasungen,"In archaeology, Verglasungen refers to vitrification—glass-like glazing of sediments, rocks, or artifacts caused by intense heat (e.g., from fires, kilns, burning structures, or lightning), which partially melts and fuses materials into a glossy, glassy surface or crust.","- “Verglasungen” is a narrower concept of “Oberflächenmerkmale”.
- “Oberflächenmerkmale” is a broader concept of “Verglasungen”."
http://thesauri.dainst.org/_06356a7e,Source,Class,unregelm iges quadermauerwerk,"In archaeology/architecture, unregelmäßiges Quadermauerwerk refers to ashlar masonry built with squared stones (ashlars) of varying sizes laid in irregular courses—joints do not align consistently, and course heights differ. It contrasts with regularly coursed ashlar, where blocks are uniform and courses continuous.","- “Mauern” has the narrower concept “unregelmäßiges Quadermauerwerk”.
- “Unregelmäßiges Quadermauerwerk” has the broader concept “Mauern”."
http://thesauri.dainst.org/_0674b65e,Source,Class,korinthisch,"In archaeology, korinthisch (German) means Corinthian—pertaining to Corinth or the Corinthian style, especially the Corinthian order in architecture or Corinthian-type pottery and artifacts.","- “korinthisch” is a narrower concept of “Geographisch-kulturelle Merkmale”.
- “Korinthische Kapitelle” is related to “korinthisch”.
- “korinthisch” is a broader concept of “Geographisch-kulturelle Merkmale”. (inverse of the first)
- “korinthisch” is related to “Korinthische Kapitelle”. (duplicate of the second)"
http://thesauri.dainst.org/_06e9fb07,Source,Class,pontisch,"In archaeology, “pontisch” (German/Dutch) refers to the Pontic—i.e., relating to the Pontic region around the Black Sea (Pontus Euxinus). It can describe cultures, migrations, or artifacts associated with the Pontic steppe/Black Sea area.","- “Geographisch-kulturelle Merkmale” has the narrower concept “pontisch”.
- “pontisch” has the broader concept “Geographisch-kulturelle Merkmale”."
http://thesauri.dainst.org/_06edc3c4,Source,Class,messer,"In archaeology, within militaria, a Messer is a single-edged fighting or utility sword/large knife used in late medieval Europe (especially German lands). It typically has a knife-like construction with a full tang and slab grip, resembling a large knife but serving as a sidearm; types include the Lange Messer and Großes Messer.","- Geräte/Werkzeuge has narrower concept Messer.
- Messer has broader concept Geräte/Werkzeuge."
http://thesauri.dainst.org/_06fbcbc7,Source,Class,wirtschaftsh fe,"In archaeology, Wirtschaftshöfe (singular: Wirtschaftshof) refers to “farmyards” or “economic/working farmsteads” associated with a settlement, estate, or monastic complex—areas containing barns, granaries, workshops, stables, and related service buildings used for production, storage, and agricultural management.","- “Gewerbe-/Wirtschaftsbauten” has the narrower concept “Wirtschaftshöfe”.
- “Wirtschaftshöfe” has the broader concept “Gewerbe-/Wirtschaftsbauten”."
http://thesauri.dainst.org/_070b178a,Source,Class,paffrather ware,"Paffrather Ware is a coarse, hand-made prehistoric pottery type from the Paffrath region (near Bergisch Gladbach, Germany), typically associated with the Neolithic to early Bronze Age Rhineland. It features gritty fabrics, simple forms, and minimal decoration, and is used as a regional ceramic grouping in archaeological classification.","- “<nach Waren>” has narrower concept “Paffrather Ware”.
- “Paffrather Ware” has broader concept “<nach Waren>”."
http://thesauri.dainst.org/_07120e9b,Source,Class,terra rubra,"In archaeology, Terra Rubra refers to a type of early Roman red-slipped pottery (a precursor to terra sigillata), characterized by its reddish fabric and slip, produced mainly in Gaul in the late 2nd–1st century BCE.","- “<nach Waren>” has narrower concept “Terra Rubra”.
- “Terra Rubra” has broader concept “<nach Waren>”."
http://thesauri.dainst.org/_0801c5e1,Source,Class,inselstein,"In archaeology, an Inselstein is an isolated rocky hill or mesa-like outcrop (a “rock island”) standing above surrounding terrain, often serving as a prominent landmark and sometimes used as a settlement, refuge, cult site, or vantage point in prehistoric and historic periods.","- “Inselstein” is a broader concept’s narrower term under “Siegel.”
- “Siegel” has the narrower concept “Inselstein.”"
http://thesauri.dainst.org/_08043aa6,Source,Class,kratere,"In archaeology, a krater (plural: kraters or Greek krateres) is a large ancient Greek vessel used for mixing wine with water at symposia or feasts. Types include volute, calyx, bell, and column kraters, distinguished by shape and handles.","- “Kratere” is a narrower concept of “<nach Formen>”.
- “<nach Formen>” has the narrower concept “Kratere”.
- “<nach Formen>” is a broader concept of “Kratere”.
- “Kratere” has the broader concept “<nach Formen>”."
http://thesauri.dainst.org/_081772cd,Source,Class,bratspie e,"In archaeology (esp. early medieval Central Europe), Bratspieße are iron roasting spits—elongated metal rods used for roasting meat over a fire—found as grave goods or settlement/castle finds, indicating food preparation, status, or feasting practices.","- “Bratspieße” is a broader concept under “Geräte/Werkzeuge”.
- “Geräte/Werkzeuge” has the narrower concept “Bratspieße”."
http://thesauri.dainst.org/_0817ec4c,Source,Class,kragstufen,"In archaeology, Kragstufen (German) refers to corbel steps: successively projecting courses of masonry (corbels) that create stepped offsets, typically used to narrow an opening or form a corbelled vault or niche.","- “Bauteile” has narrower concept “Kragstufen”.
- “Kragstufen” is a broader concept’s narrower term of “Bauteile”."
http://thesauri.dainst.org/_08660f11,Source,Class,webgewichte,"In archaeology, Webgewichte (German) are loom weights—clay or stone weights used on warp-weighted looms to keep warp threads taut during weaving. They often indicate textile production at a site.","- “Geräte/Werkzeuge” has narrower concept “Webgewichte”.
- “Webgewichte” has broader concept “Geräte/Werkzeuge”."
http://thesauri.dainst.org/_0866805c,Source,Class,brillenfibeln,"In archaeology, Brillenfibeln (“spectacle brooches”) are Iron Age brooches with two adjacent circular coils connected by a bridge, resembling a pair of spectacles. They are characteristic of Central and Northern European contexts (notably Nordic and Germanic regions) and were used to fasten garments.","- “<nach Typ>” has narrower concept “Brillenfibeln”.
- “Brillenfibeln” has broader concept “<nach Typ>”."
http://thesauri.dainst.org/_088e5789,Source,Class,gestuft,"In archaeology, the German term “gestuft” means “stepped” or “tiered.” It describes features built or shaped in successive levels or terraces, such as a stepped ramp, tiered platform, or stratified/stepped profile.","- “Merkmale der Form” has narrower concept “gestuft”.
- “gestuft” has broader concept “Merkmale der Form”."
http://thesauri.dainst.org/_08e91d11,Source,Class,befestigungen milit rische anlagen,"In archaeology, “Befestigungen/Militärische Anlagen” (also “Militärbauten und Wehranlagen” or “Militärbauten, Grenz- und Wehranlagen”) refers to individual structures or complexes built for defense (fortification) against external threats—protecting areas, buildings, or similar—and to constructions serving military purposes or located within military installations. Examples include walls, ramparts, ditches, gates, towers, forts, border installations, barracks, and related military infrastructure.","- Barbakanen ist Oberbegriff von Befestigungen/Militärische Anlagen.
- Bauten hat Unterbegriff Befestigungen/Militärische Anlagen.
- Befestigungen ist Oberbegriff von Befestigungen/Militärische Anlagen.
- Bunker ist Oberbegriff von Befestigungen/Militärische Anlagen.
- Burgen ist Oberbegriff von Befestigungen/Militärische Anlagen.
- Castra ist Oberbegriff von Befestigungen/Militärische Anlagen.
- Festungen ist Oberbegriff von Befestigungen/Militärische Anlagen.
- Grenzanlagen ist Oberbegriff von Befestigungen/Militärische Anlagen.
- Kasernen ist Oberbegriff von Befestigungen/Militärische Anlagen.
- Kastelle ist Oberbegriff von Befestigungen/Militärische Anlagen.
- Kreisgräben ist Oberbegriff von Befestigungen/Militärische Anlagen.
- Marinestützpunkte ist Oberbegriff von Befestigungen/Militärische Anlagen.
- Mauern ist Oberbegriff von Befestigungen/Militärische Anlagen.
- Militärlager ist Oberbegriff von Befestigungen/Militärische Anlagen.
- Palisaden ist Oberbegriff von Befestigungen/Militärische Anlagen.
- Palisadenzäune ist Oberbegriff von Befestigungen/Militärische Anlagen.
- Praetoria ist Oberbegriff von Befestigungen/Militärische Anlagen.
- Principia ist Oberbegriff von Befestigungen/Militärische Anlagen.
- Stadtbefestigungen ist Oberbegriff von Befestigungen/Militärische Anlagen.
- Stadtmauern ist Oberbegriff von Befestigungen/Militärische Anlagen.
- Tore ist Oberbegriff von Befestigungen/Militärische Anlagen.
- Türme ist Oberbegriff von Befestigungen/Militärische Anlagen.
- Unterburgen ist Oberbegriff von Befestigungen/Militärische Anlagen.
- Verteidigungsanlagen ist Oberbegriff von Befestigungen/Militärische Anlagen.
- Wachhäuser ist Oberbegriff von Befestigungen/Militärische Anlagen.
- Wall ist Oberbegriff von Befestigungen/Militärische Anlagen.
- Wehrgräben ist Oberbegriff von Befestigungen/Militärische Anlagen.
- Zitadellen ist Oberbegriff von Befestigungen/Militärische Anlagen.
- Zäune ist Oberbegriff von Befestigungen/Militärische Anlagen.
- Befestigungen/Militärische Anlagen ist Unterbegriff von Bauten.
- Befestigungen/Militärische Anlagen hat Unterbegriffe: Barbakanen; Befestigungen; Bunker; Burgen; Castra; Festungen; Grenzanlagen; Kasernen; Kastelle; Kreisgräben; Marinestützpunkte; Mauern; Militärlager; Palisaden; Palisadenzäune; Praetoria; Principia; Stadtbefestigungen; Stadtmauern; Tore; Türme; Unterburgen; Verteidigungsanlagen; Wachhäuser; Wall; Wehrgräben; Zitadellen; Zäune."
http://thesauri.dainst.org/_08ed5924,Source,Class,spangenhelme,"In archaeology, Spangenhelme (singular: Spangenhelm) are early medieval helmets constructed from several metal plates (spangen) held together by a framework of metal bands. Common from the late Roman to early medieval periods (c. 4th–7th centuries), they were widely used across Europe and the Near East.","- “Helme” has the narrower concept “Spangenhelme”.
- “Spangenhelme” has the broader concept “Helme”."
http://thesauri.dainst.org/_09044c8a,Source,Class,situlen,"In archaeology, “situlen” (singular: situla) refers to bucket-shaped vessels—often bronze—used in Iron Age Europe and Italy. The term commonly relates to “situla art,” a style featuring engraved narrative scenes on these vessels, especially from the Eastern Alpine and northern Italian regions (c. 7th–5th centuries BCE).","- “<nach Formen>” has the narrower concept “Situlen”.
- “Situlen” has the broader concept “<nach Formen>”."
http://thesauri.dainst.org/_099ca5ef,Source,Class,metallurgisch,"In archaeology, “metallurgisch” (German) means “relating to metallurgy”—i.e., the study and technology of producing, working, and analyzing metals and alloys, including smelting, casting, forging, and the investigation of metal artifacts and production debris.","- “Materialeigenschaften” has narrower concept “metallurgisch”.
- “metallurgisch” has broader concept “Materialeigenschaften”."
http://thesauri.dainst.org/_09a47f34,Source,Class,tepidaria,"Tepidaria (singular: tepidarium) are the warm rooms in ancient Roman baths, heated to a moderate temperature between the hot caldarium and the cool frigidarium.","- Tepidaria is a broader concept’s narrower concept of Zimmer und Räume.
- Zimmer und Räume has the narrower concept Tepidaria."
http://thesauri.dainst.org/_09e24add,Source,Class,altarplattformen,"Altarplattformen (German, singular: Altarplattform) in archaeology refers to the altar platform—a constructed, often elevated platform that supports an altar used for ritual or ceremonial activities.","- “Altarplattformen” is a broader concept’s narrower term of “Bauteile.”
- “Bauteile” has the narrower concept “Altarplattformen.”"
http://thesauri.dainst.org/_09f5636f,Source,Class,schalenfibeln,"Schalenfibeln are “bowl” or “cup” brooches—fibulae with a hemispherical, cup-like head or plate—used to fasten clothing in prehistoric/early historic Europe (notably Bronze and Early Iron Age). The term is German (Schale = bowl), referring to their characteristic hollow, shell-like head construction.","- “Schalenfibeln” is a narrower concept of “<nach Typ>”.
- “<nach Typ>” is a broader concept of “Schalenfibeln”."
http://thesauri.dainst.org/_0a18690a,Source,Class,cistendeckel,"Cistendeckel (German, archaeology): the lid or cover slab of a cist—that is, the stone or slab covering a small stone-built burial chest or grave (cist).","- “Cistendeckel” is a broader concept’s member: it is narrower than “Objektkomponenten.”
- “Objektkomponenten” has the narrower concept “Cistendeckel.”"
http://thesauri.dainst.org/_0a192a3d,Source,Class,felsalt re,"In archaeology, Felsaltäre (German) are rock-cut or natural rock “altars” — worked surfaces, basins, steps, grooves, or platforms on outcrops used for ritual activities (offerings, libations, sacrifices). They are often hewn directly into bedrock and may feature cup-marks, channels for liquids, or carved niches.","- “Felsaltäre” ist eine Unterkategorie von “Altäre”.
- “Altäre” hat die engere Kategorie “Felsaltäre”."
http://thesauri.dainst.org/_0a31cd65,Source,Class,bodenbel ge,"In archaeology, “Bodenbeläge” (German) refers to floor coverings or flooring layers—such as pavements, mosaics, tiled floors, beaten-earth floors, or other constructed surface layers identified in excavation.","- Bauteile hat Unterbegriff Bodenbeläge.
- Bettungen hat Oberbegriff Bodenbeläge.
- Bohlen hat Oberbegriff Bodenbeläge.
- Dielen hat Oberbegriff Bodenbeläge.
- Estriche hat Oberbegriff Bodenbeläge.
- Fliesenfußböden hat Oberbegriff Bodenbeläge.
- Holzfußböden hat Oberbegriff Bodenbeläge.
- Hüttenböden hat Oberbegriff Bodenbeläge.
- Kiesbettungen hat Oberbegriff Bodenbeläge.
- Kunstböden hat Oberbegriff Bodenbeläge.
- Lehmbettungen hat Oberbegriff Bodenbeläge.
- Mosaikfußböden hat Oberbegriff Bodenbeläge.
- Parkette hat Oberbegriff Bodenbeläge.
- Plattenbeläge hat Oberbegriff Bodenbeläge.
- Rudus hat Oberbegriff Bodenbeläge.
- Stampflehmboden hat Oberbegriff Bodenbeläge.
- Steinpflaster hat Oberbegriff Bodenbeläge.
- Steinplattenbeläge hat Oberbegriff Bodenbeläge.
- Straßendecken hat Oberbegriff Bodenbeläge.
- Terrazzoböden hat Oberbegriff Bodenbeläge.
- Tonplattenfußböden hat Oberbegriff Bodenbeläge.
- Tonplattenpflaster hat Oberbegriff Bodenbeläge.
- Bodenbeläge hat Oberbegriff Bauteile.
- Bodenbeläge hat Unterbegriff Bettungen.
- Bodenbeläge hat Unterbegriff Bohlen.
- Bodenbeläge hat Unterbegriff Dielen.
- Bodenbeläge hat Unterbegriff Estriche.
- Bodenbeläge hat Unterbegriff Fliesenfußböden.
- Bodenbeläge hat Unterbegriff Holzfußböden.
- Bodenbeläge hat Unterbegriff Hüttenböden.
- Bodenbeläge hat Unterbegriff Kiesbettungen.
- Bodenbeläge hat Unterbegriff Kunstböden.
- Bodenbeläge hat Unterbegriff Lehmbettungen.
- Bodenbeläge hat Unterbegriff Mosaikfußböden.
- Bodenbeläge hat Unterbegriff Parkette.
- Bodenbeläge hat Unterbegriff Plattenbeläge.
- Bodenbeläge hat Unterbegriff Rudus.
- Bodenbeläge hat Unterbegriff Stampflehmboden.
- Bodenbeläge hat Unterbegriff Steinpflaster.
- Bodenbeläge hat Unterbegriff Steinplattenbeläge.
- Bodenbeläge hat Unterbegriff Straßendecken.
- Bodenbeläge hat Unterbegriff Terrazzoböden.
- Bodenbeläge hat Unterbegriff Tonplattenfußböden.
- Bodenbeläge hat Unterbegriff Tonplattenpflaster."
http://thesauri.dainst.org/_0a3dcc08,Source,Class,hauptsparren,"In archaeology (German context), Hauptsparren refers to the primary or main rafters in a roof structure of a building, often identified in posthole or beam-slot patterns as the principal load-bearing roof elements in timber architecture.","- “Bauteile” has narrower concept “Hauptsparren”.
- “Hauptsparren” has broader concept “Bauteile”."
http://thesauri.dainst.org/_0a3fe07d,Source,Class,scheidbogen,"In archaeology (esp. of medieval churches), a Scheidbogen is the transverse “separating arch” that divides spaces—typically the large arch opening between the nave and the choir or chancel, or between nave and aisle—marking a structural and spatial boundary.","- “Bögen” has the narrower concept “Scheidbogen”.
- “Scheidbogen” has the broader concept “Bögen”."
http://thesauri.dainst.org/_0a45a6df,Source,Class,kalykes,"In archaeology (Classical Greek ceramics), kalykes are small cups—specifically “calyx” cups—named for their flower-like (calyx) profile, a variant of Greek drinking vessels often discussed in typologies of ancient pottery.","- “<nach Formen> has narrower concept Kalykes.”
- “Kalykes has broader concept <nach Formen>.”"
http://thesauri.dainst.org/_0a473449,Source,Class,w gen,"In archaeological context (from German), Wägen means “to weigh” (the act of weighing artifacts/samples).","- „Transportmittel“ hat engeren Begriff „Wägen“.
- „Wägen“ hat weiteren Begriff „Transportmittel“."
http://thesauri.dainst.org/_0aa0549a,Source,Class,gebogen,"In archaeological context, “gebogen” is German for “bent” or “curved,” describing objects or features with a curved shape (e.g., a bent blade, curved pin, or arched form).","- “Merkmale der Form” has narrower concept “gebogen”.
- “gebogen” has broader concept “Merkmale der Form”."
http://thesauri.dainst.org/_0acd2361,Source,Class,enkolpion,"In archaeology, an enkolpion is a small pectoral reliquary—often a cross-shaped or medallion-like container—worn on the chest, especially in Byzantine and early medieval Christian contexts, used to hold relics or sacred texts.","- “Enkolpion” is a broader concept’s narrower term of “Sakralobjekte.”
- “Sakralobjekte” has the narrower concept “Enkolpion.”"
http://thesauri.dainst.org/_0ad28c19,Source,Class,tasteninstrumente,"In archaeology, Tasteninstrumente refers to keyboard instruments (e.g., ancient or historical keyboards like early organs, clavichords, or harpsichords) studied as material culture artifacts.","- “Musikinstrumente” has narrower concept “Tasteninstrumente”.
- “Tasteninstrumente” has broader concept “Musikinstrumente”."
http://thesauri.dainst.org/_0aff6fd6,Source,Class,fackeln,"In archaeology, “Fackeln” (German) means “torches” — handheld sources of flame-based light used in rituals, processions, or illumination of sites such as caves or tombs.","- “Fackeln” is a broader concept’s narrower term of “Hausrat/Mobiliar.”
- “Hausrat/Mobiliar” has the narrower concept “Fackeln.”"
http://thesauri.dainst.org/_0b0c8064,Source,Class,riemenzungen,"Riemenzungen (German; singular Riemenzunge) are tongue-shaped belt strap-ends or terminals, typically metal fittings attached to the free end of a belt. In archaeology—especially early medieval and Migration Period contexts—they are decorative and functional pieces that protect the belt end, add weight so it hangs straight, and often display ornament (e.g., animal style). They’re common in Germanic and Frankish grave finds.","- “Riemenzungen” is a narrower concept of “Gürtel”.
- “Gürtel” is a broader concept of “Riemenzungen”."
http://thesauri.dainst.org/_0b235c3b,Source,Class,t rr hme,"In archaeology (German usage), Türrähme means “doorframe” — the structural frame of a doorway (jambs and lintel) in architectural remains.","- “Bauteile” has the narrower concept “Türrähme”.
- “Türrähme” has the broader concept “Bauteile”."
http://thesauri.dainst.org/_0b3c0664,Source,Class,fibeln typ jezerine,"In archaeology (German-language literature), “Fibeln Typ Jezerine” refers to a specific type (Typ) of fibula (brooch) known as the Jezerine type—named after the site of Jezerine. It denotes a diagnostic brooch form used for dating and cultural attribution in Iron Age/early historic contexts in the Balkans/Pannonian region.","- “<nach Typ>” has narrower concept “Fibeln Typ Jezerine”.
- “Fibeln Typ Jezerine” has broader concept “<nach Typ>”."
http://thesauri.dainst.org/_0b423e90,Source,Class,deckenfelder,"Deckenfelder (German) in archaeology refers to “ceiling fields” or “ceiling panels” — discrete decorated sections of a ceiling, often in painted or coffered schemes. It’s used when describing the layout and motifs of ancient or historic ceiling decorations.","- “Deckenfelder” is a narrower concept of “Bauteile”.
- “Bauteile” is a broader concept of “Deckenfelder”."
http://thesauri.dainst.org/_0b5b5385,Source,Class,impastokeramik,"Impastokeramik (Italian: impasto ceramics) refers to coarse, handmade prehistoric pottery made from clay mixed with temper (e.g., organic material, sand, crushed sherds). In European archaeology—especially Italian/central Mediterranean contexts—it denotes Early to Middle Bronze Age wares characterized by thick walls, dark burnished surfaces, simple forms, and incised or plastic decoration. It marks local, non-wheelmade domestic pottery traditions before widespread fine, wheel-thrown wares.","- “Impastokeramik” is a narrower concept of “<nach Waren>”.
- “<nach Waren>” is a broader concept of “Impastokeramik”."
http://thesauri.dainst.org/_0b690e8c,Source,Class,feuersteinklingen,"Feuersteinklingen are flint blades—long, narrow stone tools struck from a prepared flint core, commonly used in prehistoric periods for cutting, scraping, or as inserts in composite tools.","- “Feuersteinklingen” is a broader concept’s member of “Objektkomponenten”.
- “Feuersteinklingen” is related to “_38c9185b”.
- “Objektkomponenten” has the narrower concept “Feuersteinklingen”."
http://thesauri.dainst.org/_0b72a96a,Source,Class,sitzstatuen,"In archaeology, Sitzstatuen are seated statues—figures depicted sitting, typically on a chair or throne—common in ancient cultures (e.g., Egyptian, Greek, Roman) and often used for rulers, deities, or elite individuals.","- “Sitzstatuen” is a narrower concept of “Rundplastiken”.
- “Rundplastiken” is a broader concept of “Sitzstatuen”."
http://thesauri.dainst.org/_0bbf7e68,Source,Class,kymatia,"Kymatia (also spelled Kymation; Greek: kymation, from kyma, “wave”) is an ornamental molding in ancient Greek architecture featuring a continuous wave-like pattern. It commonly appears as the ovolo (egg-and-dart) or cyma (S-curve) profile used to decorate cornices, capitals, and other architectural members.","- “Bauplastiken” has the narrower concept “Kymatia”.
- “Kymatia” is a broader concept’s member of “Bauplastiken”."
http://thesauri.dainst.org/_0bce1860,Source,Class,verblendungen,"In archaeological/architectural context, Verblendungen are facing veneers—non‑structural outer layers of stone, brick, or tiles used to clad and visually finish a wall or structure.","- Oberflächenmerkmale has narrower concept Verblendungen.
- Verblendungen has broader concept Oberflächenmerkmale."
http://thesauri.dainst.org/_0c20ece9,Source,Class,angelzapfen,"In archaeology (especially of stone tools and prehistoric antler/wood implements), an Angelzapfen is a tenon-like projecting peg or spigot used to join parts—e.g., a protruding tang/peg on an antler or wooden piece that fits into a socket (mortise) of another component, such as in composite tools or weapon heads.","- “Angelzapfen” is a broader concept of “Objektkomponenten”. → Correction based on triples: “Angelzapfen” has broader concept “Objektkomponenten”.
- “Objektkomponenten” has narrower concept “Angelzapfen”."
http://thesauri.dainst.org/_0c58cd7e,Source,Class,kassetten,"In archaeology, Kassetten (German for “coffers” or “cassette panels”) refers to recessed, box-like square or rectangular panels—often in ceilings, vaults, or architectural elements—used as decorative compartments. They can frame painted or sculpted motifs and are common in classical and later architectural decoration.","- “Bauteile” has narrower concept “Kassetten”.
- “Kassetten” has broader concept “Bauteile”."
http://thesauri.dainst.org/_0c7b1296,Source,Class,m hlen,"In archaeological context, Mühlen is German for “mills,” typically referring to milling installations or features (e.g., watermills, windmills, or hand mills/querns) used to grind grain.","- Gewerbe-/Wirtschaftsbauten has narrower concept Mühlen.
- Mühlen has broader concept Gewerbe-/Wirtschaftsbauten."
http://thesauri.dainst.org/_0caae6ea,Source,Class,konvex,"In archaeology, “konvex” (German/Scandinavian usage) means convex: a surface or edge that bulges outward/curves outward, as opposed to concave (inward-curving). Used to describe tool edges, vessel walls, profiles, or mound shapes.","- “Merkmale der Form” has narrower concept “konvex”.
- “konvex” has broader concept “Merkmale der Form”."
http://thesauri.dainst.org/_0cbf943f,Source,Class,fl gelrisalite,"In archaeology/architectural history, Flügelrisalite (German) refers to projecting side wings of a building—slightly forward-jutting sections (risalits) at the ends of the main façade that articulate and emphasize the lateral parts of the structure.","- “Bauteile” has narrower concept “Flügelrisalite”.
- “Flügelrisalite” has broader concept “Bauteile”."
http://thesauri.dainst.org/_0ccae45b,Source,Class,b gen,"In this context, Bögen means arches—curved structural elements that span an opening and carry loads. The trio given:
- Bögen = arches
- Gewölbe = vaults (arched roof/ceiling structures)
- Kuppeln = domes (vaults rotated into a spherical/circular form)","- Bauteile has narrower concept Bögen.
- Blendbogen has broader concept Bögen.
- Brückenbogen has broader concept Bögen.
- Ellipsenbogen has broader concept Bögen.
- Entlastungsbogen has broader concept Bögen.
- Giebeldreiecksbogen has broader concept Bögen.
- Gurtbogen has broader concept Bögen.
- Hauptbogen has broader concept Bögen.
- Hufeisenbogen has broader concept Bögen.
- Keilsteinbogen has broader concept Bögen.
- Korbhenkelbogen has broader concept Bögen.
- Kragsteinbogen has broader concept Bögen.
- Kragsturzbogen has broader concept Bögen.
- Lanzettbogen has broader concept Bögen.
- Rundbogen has broader concept Bögen.
- Scheidbogen has broader concept Bögen.
- Segmentbogen has broader concept Bögen.
- Spitzbogen has broader concept Bögen.
- Stirnbogen has broader concept Bögen.
- Sturzbogen has broader concept Bögen.
- Wandbogen has broader concept Bögen.
- Zapfensteinbogen has broader concept Bögen.
- Bögen has broader concept Bauteile.
- Bögen has narrower concepts: Blendbogen, Brückenbogen, Ellipsenbogen, Entlastungsbogen, Giebeldreiecksbogen, Gurtbogen, Hauptbogen, Hufeisenbogen, Keilsteinbogen, Korbhenkelbogen, Kragsteinbogen, Kragsturzbogen, Lanzettbogen, Rundbogen, Scheidbogen, Segmentbogen, Spitzbogen, Stirnbogen, Sturzbogen, Wandbogen, Zapfensteinbogen."
http://thesauri.dainst.org/_0d529dd5,Source,Class,klammern,"In this context, Klammern refers to metal clamps or cramps—iron fastening elements used in construction (Baueisen) to join or stabilize masonry or architectural components in archaeological finds.","- “Klammern” is a narrower concept of “Geräte/Werkzeuge.”
- “Geräte/Werkzeuge” is a broader concept of “Klammern.”"
http://thesauri.dainst.org/_0d52befe,Source,Class,versenkt,"In archaeology, the German term “versenkt” means “sunk,” “set into the ground,” or “recessed.” It often describes features intentionally placed below the surface, e.g., a “versenkte Grube” (sunken pit) or “versenktes Haus” (sunken-featured building/pit-house).","- “Merkmale der Form” has a narrower concept “versenkt”.
- “versenkt” has a broader concept “Merkmale der Form”."
http://thesauri.dainst.org/_0d573959,Source,Class,spottkruzifixe,"Spottkruzifixe (German “mocking crucifixes”) are archaeological depictions of the crucifixion made to ridicule Christians or Christ—often crude or satirical images (e.g., graffiti) that parody the crucifix, such as the Roman Alexamenos graffito. In archaeology, the term refers to such mock-crucifixion representations found in material culture.","- “Sakralobjekte” has narrower concept “Spottkruzifixe”.
- “Spottkruzifixe” has broader concept “Sakralobjekte”."
http://thesauri.dainst.org/_0d66a9c5,Source,Class,nach typ,"In archaeology, “nach Typ” is German for “by type” or “according to type.” It indicates that items (e.g., artifacts, features, graves) are being classified, analyzed, or arranged based on typological categories.","- Adlerfibeln has broader concept “<nach Typ>”.
- Armbrustfibeln has broader concept “<nach Typ>”.
- Aucissafibeln has broader concept “<nach Typ>”.
- Augenfibeln (Almgren III) has broader concept “<nach Typ>”.
- Bogenfibeln has broader concept “<nach Typ>”.
- Brillenfibeln has broader concept “<nach Typ>”.
- Bügelfibeln has broader concept “<nach Typ>”.
- Cenisolafibeln has broader concept “<nach Typ>”.
- Certosafibeln has broader concept “<nach Typ>”.
- Dosenfibeln has broader concept “<nach Typ>”.
- Dreipassfibeln has broader concept “<nach Typ>”.
- Duxer Fibeln has broader concept “<nach Typ>”.
- Fibeln has narrower concept “<nach Typ>”.
- Fibeln Almgren 65 has broader concept “<nach Typ>”.
- Fibeln Typ Jezerine has broader concept “<nach Typ>”.
- Fibeln Typ Mötschwil has broader concept “<nach Typ>”.
- Fibeln Typ Orlea-Maglavit has broader concept “<nach Typ>”.
- Fibeln mit Inschriften has broader concept “<nach Typ>”.
- Fibeln mit hohem Nadelhalter (Almgren VII) has broader concept “<nach Typ>”.
- Fibeln mit trapezförmiger Fußplatte has broader concept “<nach Typ>”.
- Fibeln mit umgeschlagenem Fuß has broader concept “<nach Typ>”.
- Fibeln vom Frühlatèneschema has broader concept “<nach Typ>”.
- Fibeln vom Mittellatèneschema has broader concept “<nach Typ>”.
- Fibeln vom Spätlatèneschema has broader concept “<nach Typ>”.
- Fibule a quattro spirali has broader concept “<nach Typ>”.
- Figürliche Fibeln has broader concept “<nach Typ>”.
- Flügelfibeln has broader concept “<nach Typ>”.
- Fußzierfibeln has broader concept “<nach Typ>”.
- Gleicharmige Fibeln has broader concept “<nach Typ>”.
- Hufeisenfibeln has broader concept “<nach Typ>”.
- Kahnfibeln has broader concept “<nach Typ>”.
- Kleinfibeln has broader concept “<nach Typ>”.
- Kompositfibeln has broader concept “<nach Typ>”.
- Kopfplattenfibeln has broader concept “<nach Typ>”.
- Kragenfibeln has broader concept “<nach Typ>”.
- Kreuzförmige Fibeln has broader concept “<nach Typ>”.
- Kräftig profilierte Fibeln (Almgren IV) has broader concept “<nach Typ>”.
- Marzabotto-Fibeln has broader concept “<nach Typ>”.
- Münsinger Fibeln has broader concept “<nach Typ>”.
- Münzfibeln has broader concept “<nach Typ>”.
- Nauheimer Fibeln has broader concept “<nach Typ>”.
- Navicellafibeln has broader concept “<nach Typ>”.
- Nydamfibeln has broader concept “<nach Typ>”.
- Omegafibeln has broader concept “<nach Typ>”.
- Paukenfibeln has broader concept “<nach Typ>”.
- Plattenfibeln has broader concept “<nach Typ>”.
- Rechteckfibeln has broader concept “<nach Typ>”.
- Ringfibeln has broader concept “<nach Typ>”.
- Rollenkappenfibeln (Almgren II) has broader concept “<nach Typ>”.
- Sanguisugafibeln has broader concept “<nach Typ>”.
- Schalenfibeln has broader concept “<nach Typ>”.
- Scheibenfibeln has broader concept “<nach Typ>”.
- Schlangenfibeln has broader concept “<nach Typ>”.
- Schüsselfibeln has broader concept “<nach Typ>”.
- Silberblechfibeln has broader concept “<nach Typ>”.
- Swastikafibeln has broader concept “<nach Typ>”.
- Tutulusfibeln has broader concept “<nach Typ>”.
- Zungenfibeln has broader concept “<nach Typ>”.
- Zwiebelknopffibeln has broader concept “<nach Typ>”.
- <nach Typ> has broader concept “Fibeln”.
- <nach Typ> has narrower concept “Adlerfibeln”.
- <nach Typ> has narrower concept “Armbrustfibeln”.
- <nach Typ> has narrower concept “Aucissafibeln”.
- <nach Typ> has narrower concept “Augenfibeln (Almgren III)”.
- <nach Typ> has narrower concept “Bogenfibeln”.
- <nach Typ> has narrower concept “Brillenfibeln”.
- <nach Typ> has narrower concept “Bügelfibeln”.
- <nach Typ> has narrower concept “Cenisolafibeln”.
- <nach Typ> has narrower concept “Certosafibeln”.
- <nach Typ> has narrower concept “Dosenfibeln”.
- <nach Typ> has narrower concept “Dreipassfibeln”.
- <nach Typ> has narrower concept “Duxer Fibeln”.
- <nach Typ> has narrower concept “Fibeln Almgren 65”.
- <nach Typ> has narrower concept “Fibeln Typ Jezerine”.
- <nach Typ> has narrower concept “Fibeln Typ Mötschwil”.
- <nach Typ> has narrower concept “Fibeln Typ Orlea-Maglavit”.
- <nach Typ> has narrower concept “Fibeln mit Inschriften”.
- <nach Typ> has narrower concept “Fibeln mit hohem Nadelhalter (Almgren VII)”.
- <nach Typ> has narrower concept “Fibeln mit trapezförmiger Fußplatte”.
- <nach Typ> has narrower concept “Fibeln mit umgeschlagenem Fuß”.
- <nach Typ> has narrower concept “Fibeln vom Frühlatèneschema”.
- <nach Typ> has narrower concept “Fibeln vom Mittellatèneschema”.
- <nach Typ> has narrower concept “Fibeln vom Spätlatèneschema”.
- <nach Typ> has narrower concept “Fibule a quattro spirali”.
- <nach Typ> has narrower concept “Figürliche Fibeln”.
- <nach Typ> has narrower concept “Flügelfibeln”.
- <nach Typ> has narrower concept “Fußzierfibeln”.
- <nach Typ> has narrower concept “Gleicharmige Fibeln”.
- <nach Typ> has narrower concept “Hufeisenfibeln”.
- <nach Typ> has narrower concept “Kahnfibeln”.
- <nach Typ> has narrower concept “Kleinfibeln”.
- <nach Typ> has narrower concept “Kompositfibeln”.
- <nach Typ> has narrower concept “Kopfplattenfibeln”.
- <nach Typ> has narrower concept “Kragenfibeln”.
- <nach Typ> has narrower concept “Kreuzförmige Fibeln”.
- <nach Typ> has narrower concept “Kräftig profilierte Fibeln (Almgren IV)”.
- <nach Typ> has narrower concept “Marzabotto-Fibeln”.
- <nach Typ> has narrower concept “Münsinger Fibeln”.
- <nach Typ> has narrower concept “Münzfibeln”.
- <nach Typ> has narrower concept “Nauheimer Fibeln”.
- <nach Typ> has narrower concept “Navicellafibeln”.
- <nach Typ> has narrower concept “Nydamfibeln”.
- <nach Typ> has narrower concept “Omegafibeln”.
- <nach Typ> has narrower concept “Paukenfibeln”.
- <nach Typ> has narrower concept “Plattenfibeln”.
- <nach Typ> has narrower concept “Rechteckfibeln”.
- <nach Typ> has narrower concept “Ringfibeln”.
- <nach Typ> has narrower concept “Rollenkappenfibeln (Almgren II)”.
- <nach Typ> has narrower concept “Sanguisugafibeln”.
- <nach Typ> has narrower concept “Schalenfibeln”.
- <nach Typ> has narrower concept “Scheibenfibeln”.
- <nach Typ> has narrower concept “Schlangenfibeln”.
- <nach Typ> has narrower concept “Schüsselfibeln”.
- <nach Typ> has narrower concept “Silberblechfibeln”.
- <nach Typ> has narrower concept “Swastikafibeln”.
- <nach Typ> has narrower concept “Tutulusfibeln”.
- <nach Typ> has narrower concept “Zungenfibeln”.
- <nach Typ> has narrower concept “Zwiebelknopffibeln”."
http://thesauri.dainst.org/_0d671571,Source,Class,ortg nge,"In archaeology (German usage), Ortgänge are small lateral passages or niches branching off from a main corridor or chamber—often short side-galleries or recesses in caves, mines, or burial structures. The term can denote minor side-aisles/side-passages used for access, storage, or ritual purposes.","- “Ortgänge” is a narrower concept of “Bauteile”.
- “Bauteile” is a broader concept of “Ortgänge”."
http://thesauri.dainst.org/_0d937b80,Source,Class,tuskisch,"In archaeology, “tuskisch” (often “tuskisch amber” or “Tuskish”) refers to Baltic amber found in Tuskish/Tuskan (German: Tuskisch) deposits—essentially a term used in older German-language literature for certain Baltic amber types. It does not mean “Turkish”; it denotes provenance/type within the Baltic amber classification.","- Geographisch-kulturelle Merkmale has narrower concept tuskisch.
- tuskisch has broader concept Geographisch-kulturelle Merkmale."
http://thesauri.dainst.org/_0db5b0bd,Source,Class,unbearbeitet,"In archaeology, “unbearbeitet” (German) means “unworked” or “untouched”—a material or artifact that has not been modified, shaped, or retouched by humans.","- “unbearbeitet” ist eine spezifischere Ausprägung von “Oberflächenmerkmale”.
- “Oberflächenmerkmale” ist der übergeordnete Begriff von “unbearbeitet”."
http://thesauri.dainst.org/_0dbd8465,Source,Class,wattebausch,"In archaeology, Wattebausch (German: “cotton wad/ball”) refers to the cotton swab or wad used to plug, cushion, or protect delicate finds—commonly used to stopper small vessels, pad artifacts in bags/boxes, or apply solvents/adhesives during conservation.","- “Toilettgeräte” has narrower concept “Wattebausch”.
- “Wattebausch” has broader concept “Toilettgeräte”."
http://thesauri.dainst.org/_0dc1db09,Source,Class,levantinisch,"In archaeology, “levantinisch” (German) means “Levantine,” referring to the Levant region of the Eastern Mediterranean (modern Syria, Lebanon, Israel/Palestine, Jordan, and adjacent areas) or to cultural/artefactual styles and periods originating there.","- “levantinisch” ist ein Unterbegriff von “Geographisch-kulturelle Merkmale”.
- “Geographisch-kulturelle Merkmale” hat den engeren Begriff “levantinisch”."
http://thesauri.dainst.org/_0dc8289a,Source,Class,peripteroi,"In archaeology (classical architecture), peripteroi are temples or buildings with a single row of columns surrounding all sides (a peripteral plan).","- “Peripteroi” is a broader concept’s subtype of “Tempel.”  
- “Tempel” has the narrower concept “Peripteroi.”"
http://thesauri.dainst.org/_0e068077,Source,Class,m nsinger fibeln,"In archaeology, “Münsinger Fibeln” refers to a distinctive type of Iron Age brooch (fibula) named after the cemetery of Münsingen-Rain in Switzerland, where characteristic examples were found. These brooches are typologically important for dating and defining phases within the La Tène culture.","- “<nach Typ>” has narrower concept “Münsinger Fibeln”.
- “Münsinger Fibeln” has broader concept “<nach Typ>”."
http://thesauri.dainst.org/_0e06a674,Source,Class,landwege,"In this context, Landwege means overland routes—terrestrial pathways used for movement and transport. With RGK’s “Landwege/Fernstraßen,” it specifically refers to long-distance overland roads or routes (long-distance terrestrial corridors) documented or studied archaeologically.","- “Installationen/Infrastruktur” has narrower concept “Landwege”.
- “Landwege” has broader concept “Installationen/Infrastruktur”."
http://thesauri.dainst.org/_0e330c03,Source,Class,bauteile,"In der Archäologie bedeutet „Bauteile“ einzelne Teile, Elemente oder Komponenten, aus denen ein Bauwerk zusammengesetzt ist. Es sind geometrisch zusammenhängende Flächen oder Körper mit einheitlichem Aufbau und einheitlicher Konstruktion, die als identifizierbare Einheiten eines historischen Bauwerks oder Befundes erfasst und beschrieben werden.","- Abdeckplatten sind Oberbegriffe von Bauteile.
- Abtraufe sind Oberbegriffe von Bauteile.
- Aedikulen sind Oberbegriffe von Bauteile.
- Alkoven sind Oberbegriffe von Bauteile.
- Altarbegrenzungen sind Oberbegriffe von Bauteile.
- Altarbekrönungen sind Oberbegriffe von Bauteile.
- Altarplattformen sind Oberbegriffe von Bauteile.
- Altartische sind Oberbegriffe von Bauteile.
- Anbauten sind Oberbegriffe von Bauteile.
- Annuli sind Oberbegriffe von Bauteile.
- Anschlagssteine sind Oberbegriffe von Bauteile.
- Anten sind Oberbegriffe von Bauteile.
- Antrittsstufen sind Oberbegriffe von Bauteile.
- Apsiden sind Oberbegriffe von Bauteile.
- Architekturkomponenten haben Unterbegriffe Bauteile.
- Architekturplatten sind Oberbegriffe von Bauteile.
- Architrave sind Oberbegriffe von Bauteile.
- Architravflächen sind Oberbegriffe von Bauteile.
- Archivolte sind Oberbegriffe von Bauteile.
- Arkaden sind Oberbegriffe von Bauteile.
- Arkaturen sind Oberbegriffe von Bauteile.
- Auflagen sind Oberbegriffe von Bauteile.
- Aufstockungen sind Oberbegriffe von Bauteile.
- Auskehlungen sind Oberbegriffe von Bauteile.
- Aussichtsterrassen sind Oberbegriffe von Bauteile.
- Austrittsstufen sind Oberbegriffe von Bauteile.
- Auszwickelungen sind Oberbegriffe von Bauteile.
- Außenbereiche sind Oberbegriffe von Bauteile.
- Baldachinsimae sind Oberbegriffe von Bauteile.
- Balken sind Oberbegriffe von Bauteile.
- Balkenanker sind Oberbegriffe von Bauteile.
- Balkennester sind Oberbegriffe von Bauteile.
- Balkone sind Oberbegriffe von Bauteile.
- Balustraden sind Oberbegriffe von Bauteile.
- Barrieren sind Oberbegriffe von Bauteile.
- Barrierensockel sind Oberbegriffe von Bauteile.
- Basen sind Oberbegriffe von Bauteile.
- Bastionen sind Oberbegriffe von Bauteile.
- Baugerüste sind Oberbegriffe von Bauteile.
- Baukörper sind Oberbegriffe von Bauteile.
- Belüftungskanäle sind Oberbegriffe von Bauteile.
- Bema sind Oberbegriffe von Bauteile.
- Blockstufen sind Oberbegriffe von Bauteile.
- Bockgerüste sind Oberbegriffe von Bauteile.
- Bodenbeläge sind Oberbegriffe von Bauteile.
- Bogengerüste sind Oberbegriffe von Bauteile.
- Bogenläufe sind Oberbegriffe von Bauteile.
- Bogenschenkel sind Oberbegriffe von Bauteile.
- Brennkammern sind Oberbegriffe von Bauteile.
- Brunnengebäude sind Oberbegriffe von Bauteile.
- Brunnenmündungen sind Oberbegriffe von Bauteile.
- Brunnenverscchlüsse sind Oberbegriffe von Bauteile.
- Brüstungsleisten sind Oberbegriffe von Bauteile.
- Bundbalken sind Oberbegriffe von Bauteile.
- Bögen sind Oberbegriffe von Bauteile.
- Bühnen sind Oberbegriffe von Bauteile.
- Bühnenprospekte sind Oberbegriffe von Bauteile.
- Bühnenvorhänge sind Oberbegriffe von Bauteile.
- Charinspassagen sind Oberbegriffe von Bauteile.
- Chöre (Kirche) sind Oberbegriffe von Bauteile.
- Cubicula sind Oberbegriffe von Bauteile.
- Dachfirste sind Oberbegriffe von Bauteile.
- Dachstuhlstreben sind Oberbegriffe von Bauteile.
- Dachstühle sind Oberbegriffe von Bauteile.
- Dachterrassen sind Oberbegriffe von Bauteile.
- Dachtraufe sind Oberbegriffe von Bauteile.
- Decken sind Oberbegriffe von Bauteile.
- Deckenbalken sind Oberbegriffe von Bauteile.
- Deckenfelder sind Oberbegriffe von Bauteile.
- Dependenzien sind Oberbegriffe von Bauteile.
- Diamantquader sind Oberbegriffe von Bauteile.
- Doppelportiken sind Oberbegriffe von Bauteile.
- Doppelschwalbenschwanzklammern sind Oberbegriffe von Bauteile.
- Dreieckgiebel sind Oberbegriffe von Bauteile.
- Durchgänge sind Oberbegriffe von Bauteile.
- Dächer sind Oberbegriffe von Bauteile.
- Dübellöcher sind Oberbegriffe von Bauteile.
- Eckkontraktionen sind Oberbegriffe von Bauteile.
- Eckornamente sind Oberbegriffe von Bauteile.
- Einfassungen sind Oberbegriffe von Bauteile.
- Eingänge sind Oberbegriffe von Bauteile.
- Einlasspforten sind Oberbegriffe von Bauteile.
- Einsetzkammern sind Oberbegriffe von Bauteile.
- Eisenbeschläge sind Oberbegriffe von Bauteile.
- Emporen sind Oberbegriffe von Bauteile.
- Entlastungsdreiecke sind Oberbegriffe von Bauteile.
- Erdgeschosse sind Oberbegriffe von Bauteile.
- Euthynterien sind Oberbegriffe von Bauteile.
- Exedren sind Oberbegriffe von Bauteile.
- Fallgatter sind Oberbegriffe von Bauteile.
- Fallgruben sind Oberbegriffe von Bauteile.
- Fasen sind Oberbegriffe von Bauteile.
- Fassaden sind Oberbegriffe von Bauteile.
- Fassadenmauern sind Oberbegriffe von Bauteile.
- Fenster sind Oberbegriffe von Bauteile.
- Fensterbretter sind Oberbegriffe von Bauteile.
- Fensterbänder sind Oberbegriffe von Bauteile.
- Fenstereinfassungen sind Oberbegriffe von Bauteile.
- Fensterladen sind Oberbegriffe von Bauteile.
- Fensterlaibungen sind Oberbegriffe von Bauteile.
- Fensterpfeiler sind Oberbegriffe von Bauteile.
- Fensterpfosten sind Oberbegriffe von Bauteile.
- Fensterstiele sind Oberbegriffe von Bauteile.
- Fensterstürze sind Oberbegriffe von Bauteile.
- Fenstertüren sind Oberbegriffe von Bauteile.
- Fensterverdachungen sind Oberbegriffe von Bauteile.
- Firstbalken sind Oberbegriffe von Bauteile.
- Firstpfetten sind Oberbegriffe von Bauteile.
- Fliesenpflaster sind Oberbegriffe von Bauteile.
- Fluggerüste sind Oberbegriffe von Bauteile.
- Flügel sind Oberbegriffe von Bauteile.
- Flügelrisalite sind Oberbegriffe von Bauteile.
- Fundamente sind Oberbegriffe von Bauteile.
- Fundamentgraben sind Oberbegriffe von Bauteile.
- Fundamentgrabenverschalungen sind Oberbegriffe von Bauteile.
- Fundamentgruben sind Oberbegriffe von Bauteile.
- Fundamentpfeiler sind Oberbegriffe von Bauteile.
- Fundamentplatten sind Oberbegriffe von Bauteile.
- Fundamentschnitte sind Oberbegriffe von Bauteile.
- Fußleisten sind Oberbegriffe von Bauteile.
- Galerien sind Oberbegriffe von Bauteile.
- Gebälke sind Oberbegriffe von Bauteile.
- Geisa sind Oberbegriffe von Bauteile.
- Gerüste sind Oberbegriffe von Bauteile.
- Gerüstträger sind Oberbegriffe von Bauteile.
- Geschosse sind Oberbegriffe von Bauteile.
- Gesimse sind Oberbegriffe von Bauteile.
- Gesimskonsolen sind Oberbegriffe von Bauteile.
- Gewölbe sind Oberbegriffe von Bauteile.
- Giebel sind Oberbegriffe von Bauteile.
- Giebelhälfte sind Oberbegriffe von Bauteile.
- Giebelmauern sind Oberbegriffe von Bauteile.
- Giebelsimae sind Oberbegriffe von Bauteile.
- Giebelsäulen sind Oberbegriffe von Bauteile.
- Giebelzwickel sind Oberbegriffe von Bauteile.
- Gießgruben sind Oberbegriffe von Bauteile.
- Gitter sind Oberbegriffe von Bauteile.
- Gitterwerke sind Oberbegriffe von Bauteile.
- Glühräume sind Oberbegriffe von Bauteile.
- Gratsparren sind Oberbegriffe von Bauteile.
- Gucklöcher sind Oberbegriffe von Bauteile.
- Gusserker sind Oberbegriffe von Bauteile.
- Gusskanal sind Oberbegriffe von Bauteile.
- Guttae sind Oberbegriffe von Bauteile.
- Gänge sind Oberbegriffe von Bauteile.
- Halbgiebel sind Oberbegriffe von Bauteile.
- Halbtriglyphen sind Oberbegriffe von Bauteile.
- Handleisten sind Oberbegriffe von Bauteile.
- Hauptbalken sind Oberbegriffe von Bauteile.
- Hauptgebäude sind Oberbegriffe von Bauteile.
- Hauptsparren sind Oberbegriffe von Bauteile.
- Hebekanal sind Oberbegriffe von Bauteile.
- Heizungen sind Oberbegriffe von Bauteile.
- Herdstellen sind Oberbegriffe von Bauteile.
- Hohlkehlen sind Oberbegriffe von Bauteile.
- Hohlstürze sind Oberbegriffe von Bauteile.
- Holzbalken sind Oberbegriffe von Bauteile.
- Horizontalgeisa sind Oberbegriffe von Bauteile.
- Hypokausten sind Oberbegriffe von Bauteile.
- Höfe sind Oberbegriffe von Bauteile.
- Ikonostasen sind Oberbegriffe von Bauteile.
- Innenfriese sind Oberbegriffe von Bauteile.
- Innenwände sind Oberbegriffe von Bauteile.
- Inspektionsschächte sind Oberbegriffe von Bauteile.
- Intarsien sind Oberbegriffe von Bauteile.
- Interkolumnien sind Oberbegriffe von Bauteile.
- Kalotten sind Oberbegriffe von Bauteile.
- Kaltwasserbecken sind Oberbegriffe von Bauteile.
- Kamine sind Oberbegriffe von Bauteile.
- Kapitelle sind Oberbegriffe von Bauteile.
- Kasematten sind Oberbegriffe von Bauteile.
- Kassetten sind Oberbegriffe von Bauteile.
- Kassettendeckplatten sind Oberbegriffe von Bauteile.
- Kassettenkonstruktionen sind Oberbegriffe von Bauteile.
- Kassettenplatten sind Oberbegriffe von Bauteile.
- Kehlgratbalken sind Oberbegriffe von Bauteile.
- Kehlsparren sind Oberbegriffe von Bauteile.
- Keilstufen sind Oberbegriffe von Bauteile.
- Keller sind Oberbegriffe von Bauteile.
- Kielräume sind Oberbegriffe von Bauteile.
- Klammerlöcher sind Oberbegriffe von Bauteile.
- Klammern sind Oberbegriffe von Bauteile.
- Knaggen sind Oberbegriffe von Bauteile.
- Knickgiebel sind Oberbegriffe von Bauteile.
- Kollonaden sind Oberbegriffe von Bauteile.
- Konsolen sind Oberbegriffe von Bauteile.
- Konsolengerüste sind Oberbegriffe von Bauteile.
- Konsolenintervalle sind Oberbegriffe von Bauteile.
- Kopfsteinpflaster sind Oberbegriffe von Bauteile.
- Kragplatten sind Oberbegriffe von Bauteile.
- Kragstufen sind Oberbegriffe von Bauteile.
- Kranzleisten sind Oberbegriffe von Bauteile.
- Krepis sind Oberbegriffe von Bauteile.
- Krummstufen sind Oberbegriffe von Bauteile.
- Kryptoportiken sind Oberbegriffe von Bauteile.
- Kuppeln sind Oberbegriffe von Bauteile.
- Kurtinen sind Oberbegriffe von Bauteile.
- Ladengalerien sind Oberbegriffe von Bauteile.
- Ladentheke sind Oberbegriffe von Bauteile.
- Laibungen sind Oberbegriffe von Bauteile.
- Laufgänge sind Oberbegriffe von Bauteile.
- Laufplatten sind Oberbegriffe von Bauteile.
- Laufschienen sind Oberbegriffe von Bauteile.
- Lehrgerüstschalen sind Oberbegriffe von Bauteile.
- Lichthöfe sind Oberbegriffe von Bauteile.
- Lisenen sind Oberbegriffe von Bauteile.
- Loculusplatten sind Oberbegriffe von Bauteile.
- Maschikulis sind Oberbegriffe von Bauteile.
- Mauerbalken sind Oberbegriffe von Bauteile.
- Mauerbasen sind Oberbegriffe von Bauteile.
- Mauerkörper sind Oberbegriffe von Bauteile.
- Mauern sind Oberbegriffe von Bauteile.
- Mauerstirne sind Oberbegriffe von Bauteile.
- Membranbauten sind Oberbegriffe von Bauteile.
- Mittelschiffe sind Oberbegriffe von Bauteile.
- Mosaiken sind Oberbegriffe von Bauteile.
- Muqarnas sind Oberbegriffe von Bauteile.
- Mutuli sind Oberbegriffe von Bauteile.
- Nebengebäude sind Oberbegriffe von Bauteile.
- Nischen sind Oberbegriffe von Bauteile.
- Orchestrakanäle sind Oberbegriffe von Bauteile.
- Ortgänge sind Oberbegriffe von Bauteile.
- Paraskenai sind Oberbegriffe von Bauteile.
- Pendetife sind Oberbegriffe von Bauteile.
- Pfahlunterbauten sind Oberbegriffe von Bauteile.
- Pfeiler sind Oberbegriffe von Bauteile.
- Pflaster sind Oberbegriffe von Bauteile.
- Pflastersteine sind Oberbegriffe von Bauteile.
- Pforten sind Oberbegriffe von Bauteile.
- Pfosten sind Oberbegriffe von Bauteile.
- Pfostengruben sind Oberbegriffe von Bauteile.
- Pfostengräbchen sind Oberbegriffe von Bauteile.
- Pilaster sind Oberbegriffe von Bauteile.
- Planken sind Oberbegriffe von Bauteile.
- Plattformen sind Oberbegriffe von Bauteile.
- Podestantritte sind Oberbegriffe von Bauteile.
- Podiumsbasen sind Oberbegriffe von Bauteile.
- Podiumskerne sind Oberbegriffe von Bauteile.
- Podiumskörper sind Oberbegriffe von Bauteile.
- Podiumstreppen sind Oberbegriffe von Bauteile.
- Portale sind Oberbegriffe von Bauteile.
- Portiken sind Oberbegriffe von Bauteile.
- Poterne sind Oberbegriffe von Bauteile.
- Presbyteria sind Oberbegriffe von Bauteile.
- Profilstäbe sind Oberbegriffe von Bauteile.
- Proskenia sind Oberbegriffe von Bauteile.
- Ptera sind Oberbegriffe von Bauteile.
- Pylone sind Oberbegriffe von Bauteile.
- Quadersteine sind Oberbegriffe von Bauteile.
- Querbalken sind Oberbegriffe von Bauteile.
- Querriegel sind Oberbegriffe von Bauteile.
- Querschiffe sind Oberbegriffe von Bauteile.
- Radialstufen sind Oberbegriffe von Bauteile.
- Rahmungen sind Oberbegriffe von Bauteile.
- Rampen sind Oberbegriffe von Bauteile.
- Randornamente sind Oberbegriffe von Bauteile.
- Regulae sind Oberbegriffe von Bauteile.
- Riegel sind Oberbegriffe von Bauteile.
- Risalite sind Oberbegriffe von Bauteile.
- Rundstäbe sind Oberbegriffe von Bauteile.
- Röhren sind Oberbegriffe von Bauteile.
- Rücksprünge sind Oberbegriffe von Bauteile.
- Rüstbohlen sind Oberbegriffe von Bauteile.
- Rüstbäume sind Oberbegriffe von Bauteile.
- Rüstlöcher sind Oberbegriffe von Bauteile.
- Scheinfassaden sind Oberbegriffe von Bauteile.
- Schiebladen sind Oberbegriffe von Bauteile.
- Schießscharten sind Oberbegriffe von Bauteile.
- Schiffe (Architektur) sind Oberbegriffe von Bauteile.
- Schiftsparren sind Oberbegriffe von Bauteile.
- Schornsteine sind Oberbegriffe von Bauteile.
- Schornsteinköpfe sind Oberbegriffe von Bauteile.
- Schornsteinschäfte sind Oberbegriffe von Bauteile.
- Schranken sind Oberbegriffe von Bauteile.
- Schräggeisa sind Oberbegriffe von Bauteile.
- Schrägstufen sind Oberbegriffe von Bauteile.
- Schwellen sind Oberbegriffe von Bauteile.
- Schwitzbäder sind Oberbegriffe von Bauteile.
- Schächte sind Oberbegriffe von Bauteile.
- Schäfte sind Oberbegriffe von Bauteile.
- Schöpflöcher sind Oberbegriffe von Bauteile.
- Segmentbogengiebel sind Oberbegriffe von Bauteile.
- Seitenschiffe sind Oberbegriffe von Bauteile.
- Setzhölzer sind Oberbegriffe von Bauteile.
- Setzschwellen sind Oberbegriffe von Bauteile.
- Simae sind Oberbegriffe von Bauteile.
- Skenai sind Oberbegriffe von Bauteile.
- Sockel sind Oberbegriffe von Bauteile.
- Sopraporten sind Oberbegriffe von Bauteile.
- Spandrillen sind Oberbegriffe von Bauteile.
- Spanische Reiter sind Oberbegriffe von Bauteile.
- Spannriegel sind Oberbegriffe von Bauteile.
- Sparren sind Oberbegriffe von Bauteile.
- Spira sind Oberbegriffe von Bauteile.
- Spolien sind Oberbegriffe von Bauteile.
- Steinblöcke sind Oberbegriffe von Bauteile.
- Steinplatten sind Oberbegriffe von Bauteile.
- Stelzen sind Oberbegriffe von Bauteile.
- Stichbalken sind Oberbegriffe von Bauteile.
- Stockwerke sind Oberbegriffe von Bauteile.
- Strebebogen sind Oberbegriffe von Bauteile.
- Strebepfeiler sind Oberbegriffe von Bauteile.
- Streichstangen sind Oberbegriffe von Bauteile.
- Stufen sind Oberbegriffe von Bauteile.
- Stufenfundamente sind Oberbegriffe von Bauteile.
- Stufenrampen sind Oberbegriffe von Bauteile.
- Stufenschwellen sind Oberbegriffe von Bauteile.
- Stylobate sind Oberbegriffe von Bauteile.
- Stürze sind Oberbegriffe von Bauteile.
- Stützen sind Oberbegriffe von Bauteile.
- Substruktionen sind Oberbegriffe von Bauteile.
- Säulen sind Oberbegriffe von Bauteile.
- Säulenhalsbänder sind Oberbegriffe von Bauteile.
- Säulenhälse sind Oberbegriffe von Bauteile.
- Säulenpostamente sind Oberbegriffe von Bauteile.
- Säulenreihen sind Oberbegriffe von Bauteile.
- Säulenstandplatten sind Oberbegriffe von Bauteile.
- Tamboure sind Oberbegriffe von Bauteile.
- Tempelfronten sind Oberbegriffe von Bauteile.
- Terrassen sind Oberbegriffe von Bauteile.
- Terrassenmauern sind Oberbegriffe von Bauteile.
- Tiergänge sind Oberbegriffe von Bauteile.
- Toichobate sind Oberbegriffe von Bauteile.
- Tonplatten sind Oberbegriffe von Bauteile.
- Tore sind Oberbegriffe von Bauteile.
- Tragbänder sind Oberbegriffe von Bauteile.
- Trapezgiebel sind Oberbegriffe von Bauteile.
- Traufgesimsfronten sind Oberbegriffe von Bauteile.
- Traufgesimsfüsse sind Oberbegriffe von Bauteile.
- Trennwände sind Oberbegriffe von Bauteile.
- Treppen sind Oberbegriffe von Bauteile.
- Treppenabsätze sind Oberbegriffe von Bauteile.
- Triclinia sind Oberbegriffe von Bauteile.
- Trittlöcher sind Oberbegriffe von Bauteile.
- Trittstufen sind Oberbegriffe von Bauteile.
- Trochili sind Oberbegriffe von Bauteile.
- Träger sind Oberbegriffe von Bauteile.
- Tympana sind Oberbegriffe von Bauteile.
- Türeinfassungen sind Oberbegriffe von Bauteile.
- Türen sind Oberbegriffe von Bauteile.
- Türfluchten sind Oberbegriffe von Bauteile.
- Türflügel sind Oberbegriffe von Bauteile.
- Türgriffe sind Oberbegriffe von Bauteile.
- Türklopfer sind Oberbegriffe von Bauteile.
- Türlaibungen sind Oberbegriffe von Bauteile.
- Türme sind Oberbegriffe von Bauteile.
- Türpfeiler sind Oberbegriffe von Bauteile.
- Türpfosten sind Oberbegriffe von Bauteile.
- Türringe sind Oberbegriffe von Bauteile.
- Türrähme sind Oberbegriffe von Bauteile.
- Türschuhe sind Oberbegriffe von Bauteile.
- Türschwellen sind Oberbegriffe von Bauteile.
- Türstiele sind Oberbegriffe von Bauteile.
- Türstöcker sind Oberbegriffe von Bauteile.
- Türstürze sind Oberbegriffe von Bauteile.
- Türverdachungen sind Oberbegriffe von Bauteile.
- Umgänge sind Oberbegriffe von Bauteile.
- Umrahmungen sind Oberbegriffe von Bauteile.
- Unterfütterungen sind Oberbegriffe von Bauteile.
- Untergeschosse sind Oberbegriffe von Bauteile.
- Vela sind Oberbegriffe von Bauteile.
- Verbindungsglieder sind Oberbegriffe von Bauteile.
- Verbreiterungen sind Oberbegriffe von Bauteile.
- Vergrößerungen sind Oberbegriffe von Bauteile.
- Verkleidungen sind Oberbegriffe von Bauteile.
- Verkleidungsplatten sind Oberbegriffe von Bauteile.
- Verputz ist Oberbegriff von Bauteile.
- Verschwertungen sind Oberbegriffe von Bauteile.
- Viertelsäulenpilaster sind Oberbegriffe von Bauteile.
- Vordächer sind Oberbegriffe von Bauteile.
- Vorfundamente sind Oberbegriffe von Bauteile.
- Vorhöfe sind Oberbegriffe von Bauteile.
- Wandschalen sind Oberbegriffe von Bauteile.
- Wandverkleidung ist Oberbegriff von Bauteile.
- Wasserbecken sind Oberbegriffe von Bauteile.
- Wechselbalken sind Oberbegriffe von Bauteile.
- Wehrgänge sind Oberbegriffe von Bauteile.
- Wetterschächte sind Oberbegriffe von Bauteile.
- Widerlager sind Oberbegriffe von Bauteile.
- Wände sind Oberbegriffe von Bauteile.
- Wülste sind Oberbegriffe von Bauteile.
- Würfelpostamente sind Oberbegriffe von Bauteile.
- Zargen sind Oberbegriffe von Bauteile.
- Zellenräder sind Oberbegriffe von Bauteile.
- Zickzackdurchgänge sind Oberbegriffe von Bauteile.
- Ziegel sind Oberbegriffe von Bauteile.
- Zimmer und Räume sind Oberbegriffe von Bauteile.
- Zugstäbe sind Oberbegriffe von Bauteile.
- Zwickel sind Oberbegriffe von Bauteile.
- Zwischengeschosse sind Oberbegriffe von Bauteile.
- Öffnungen sind Oberbegriffe von Bauteile.
- Bauteile sind Oberbegriffe von Architekturkomponenten.
- Bauteile haben Unterbegriffe Abdeckplatten, Abtraufe, Aedikulen, Alkoven, Altarbegrenzungen, Altarbekrönungen, Altarplattformen, Altartische, Anbauten, Annuli, Anschlagssteine, Anten, Antrittsstufen, Apsiden, Architekturplatten, Architrave, Architravflächen, Archivolte, Arkaden, Arkaturen, Auflagen, Aufstockungen, Auskehlungen, Aussichtsterrassen, Austrittsstufen, Auszwickelungen, Außenbereiche, Baldachinsimae, Balken, Balkenanker, Balkennester, Balkone, Balustraden, Barrieren, Barrierensockel, Basen, Bastionen, Baugerüste, Baukörper, Belüftungskanäle, Bema, Blockstufen, Bockgerüste, Bodenbeläge, Bogengerüste, Bogenläufe, Bogenschenkel, Brennkammern, Brunnengebäude, Brunnenmündungen, Brunnenverscchlüsse, Brüstungsleisten, Bundbalken, Bögen, Bühnen, Bühnenprospekte, Bühnenvorhänge, Charinspassagen, Chöre (Kirche), Cubicula, Dachfirste, Dachstuhlstreben, Dachstühle, Dachterrassen, Dachtraufe, Decken, Deckenbalken, Deckenfelder, Dependenzien, Diamantquader, Doppelportiken, Doppelschwalbenschwanzklammern, Dreieckgiebel, Durchgänge, Dächer, Dübellöcher, Eckkontraktionen, Eckornamente, Einfassungen, Eingänge, Einlasspforten, Einsetzkammern, Eisenbeschläge, Emporen, Entlastungsdreiecke, Erdgeschosse, Euthynterien, Exedren, Fallgatter, Fallgruben, Fasen, Fassaden, Fassadenmauern, Fenster, Fensterbretter, Fensterbänder, Fenstereinfassungen, Fensterladen, Fensterlaibungen, Fensterpfeiler, Fensterpfosten, Fensterstiele, Fensterstürze, Fenstertüren, Fensterverdachungen, Firstbalken, Firstpfetten, Fliesenpflaster, Fluggerüste, Flügel, Flügelrisalite, Fundamente, Fundamentgraben, Fundamentgrabenverschalungen, Fundamentgruben, Fundamentpfeiler, Fundamentplatten, Fundamentschnitte, Fußleisten, Galerien, Gebälke, Geisa, Gerüste, Gerüstträger, Geschosse, Gesimse, Gesimskonsolen, Gewölbe, Giebel, Giebelhälfte, Giebelmauern, Giebelsimae, Giebelsäulen, Giebelzwickel, Gießgruben, Gitter, Gitterwerke, Glühräume, Gratsparren, Gucklöcher, Gusserker, Gusskanal, Guttae, Gänge, Halbgiebel, Halbtriglyphen, Handleisten, Hauptbalken, Hauptgebäude, Hauptsparren, Hebekanal, Heizungen, Herdstellen, Hohlkehlen, Hohlstürze, Holzbalken, Horizontalgeisa, Hypokausten, Höfe, Ikonostasen, Innenfriese, Innenwände, Inspektionsschächte, Intarsien, Interkolumnien, Kalotten, Kaltwasserbecken, Kamine, Kapitelle, Kasematten, Kassetten, Kassettendeckplatten, Kassettenkonstruktionen, Kassettenplatten, Kehlgratbalken, Kehlsparren, Keilstufen, Keller, Kielräume, Klammerlöcher, Klammern, Knaggen, Knickgiebel, Kollonaden, Konsolen, Konsolengerüste, Konsolenintervalle, Kopfsteinpflaster, Kragplatten, Kragstufen, Kranzleisten, Krepis, Krummstufen, Kryptoportiken, Kuppeln, Kurtinen, Ladengalerien, Ladentheke, Laibungen, Laufgänge, Laufplatten, Laufschienen, Lehrgerüstschalen, Lichthöfe, Lisenen, Loculusplatten, Maschikulis, Mauerbalken, Mauerbasen, Mauerkörper, Mauern, Mauerstirne, Membranbauten, Mittelschiffe, Mosaiken, Muqarnas, Mutuli, Nebengebäude, Nischen, Orchestrakanäle, Ortgänge, Paraskenai, Pendetife, Pfahlunterbauten, Pfeiler, Pflaster, Pflastersteine, Pforten, Pfosten, Pfostengruben, Pfostengräbchen, Pilaster, Planken, Plattformen, Podestantritte, Podiumsbasen, Podiumskerne, Podiumskörper, Podiumstreppen, Portale, Portiken, Poterne, Presbyteria, Profilstäbe, Proskenia, Ptera, Pylone, Quadersteine, Querbalken, Querriegel, Querschiffe, Radialstufen, Rahmungen, Rampen, Randornamente, Regulae, Riegel, Risalite, Rundstäbe, Röhren, Rücksprünge, Rüstbohlen, Rüstbäume, Rüstlöcher, Scheinfassaden, Schiebladen, Schießscharten, Schiffe (Architektur), Schiftsparren, Schornsteine, Schornsteinköpfe, Schornsteinschäfte, Schranken, Schräggeisa, Schrägstufen, Schwellen, Schwitzbäder, Schächte, Schäfte, Schöpflöcher, Segmentbogengiebel, Seitenschiffe, Setzhölzer, Setzschwellen, Simae, Skenai, Sockel, Sopraporten, Spandrillen, Spanische Reiter, Spannriegel, Sparren, Spira, Spolien, Steinblöcke, Steinplatten, Stelzen, Stichbalken, Stockwerke, Strebebogen, Strebepfeiler, Streichstangen, Stufen, Stufenfundamente, Stufenrampen, Stufenschwellen, Stylobate, Stürze, Stützen, Substruktionen, Säulen, Säulenhalsbänder, Säulenhälse, Säulenpostamente, Säulenreihen, Säulenstandplatten, Tamboure, Tempelfronten, Terrassen, Terrassenmauern, Tiergänge, Toichobate, Tonplatten, Tore, Tragbänder, Trapezgiebel, Traufgesimsfronten, Traufgesimsfüsse, Trennwände, Treppen, Treppenabsätze, Triclinia, Trittlöcher, Trittstufen, Trochili, Träger, Tympana, Türeinfassungen, Türen, Türfluchten, Türflügel, Türgriffe, Türklopfer, Türlaibungen, Türme, Türpfeiler, Türpfosten, Türringe, Türrähme, Türschuhe, Türschwellen, Türstiele, Türstöcker, Türstürze, Türverdachungen, Umgänge, Umrahmungen, Unterfütterungen, Untergeschosse, Vela, Verbindungsglieder, Verbreiterungen, Vergrößerungen, Verkleidungen, Verkleidungsplatten, Verputz, Verschwertungen, Viertelsäulenpilaster, Vordächer, Vorfundamente, Vorhöfe, Wandschalen, Wandverkleidung, Wasserbecken, Wechselbalken, Wehrgänge, Wetterschächte, Widerlager, Wände, Wülste, Würfelpostamente, Zargen, Zellenräder, Zickzackdurchgänge, Ziegel, Zimmer und Räume, Zugstäbe, Zwickel, Zwischengeschosse, Öffnungen."
http://thesauri.dainst.org/_0e4ac217,Source,Class,ahlen,"In archaeology, “Ahlen” refers to awls—small, pointed tools used for piercing or perforating materials like leather, hide, or soft wood. The term comes from German (Ahle = awl) and appears in typological or catalog descriptions of tool assemblages.","- “Ahlen” is a broader concept under “Geräte/Werkzeuge.”  
- “Geräte/Werkzeuge” has the narrower concept “Ahlen.”"
http://thesauri.dainst.org/_0e4dc8e2,Source,Class,d rfer,"In archaeological context, Dörfer is German for “villages” (plural of Dorf), typically referring to small rural settlements.","- “Dörfer” is a broader concept’s narrower term of “Siedlungstypen/- areale.”
- “Siedlungstypen/- areale” has the narrower concept “Dörfer.”"
http://thesauri.dainst.org/_0e65c8b7,Source,Class,wachh user,"In archaeology, Wachhäuser (German; singular Wachhaus) refers to “guard houses” or small watch/guard posts—often roadside, frontier, or fort-associated structures used for surveillance, control, and protection (e.g., along Roman roads or limes).","- “Wachhäuser” is a narrower concept of “Befestigungen/Militärische Anlagen”.
- “Befestigungen/Militärische Anlagen” is a broader concept of “Wachhäuser”."
http://thesauri.dainst.org/_0e88bc45,Source,Class,temenoi,"In archaeology, temenoi (singular: temenos) are sacred precincts—defined, often enclosed areas set apart for a deity or cult, typically containing altars, temples, or other ritual structures.","- “Sakralbauten” has narrower concept “Temenoi”.
- “Temenoi” has broader concept “Sakralbauten”."
http://thesauri.dainst.org/_0e9ac12e,Source,Class,wild goat style,"In Aegean–East Greek archaeology, “Wild Goat Style” refers to a regional style of East Greek (Ionian) pottery decoration of the late 7th to early 6th century BCE, characterized by friezes of lively, elongated wild goats and other animals painted in outline with added color, often with orientalizing motifs. It is especially associated with sites like Rhodes, Chios, and Samos and serves as a key phase in the East Greek Orientalizing sequence.","- “Wild Goat Style” is a narrower concept of “<nach Verzierung>”.
- “<nach Verzierung>” is a broader concept of “Wild Goat Style”."
http://thesauri.dainst.org/_0eae8e14,Source,Class,schr tlinge,"In archaeology (and numismatics), Schrötlinge are coin blanks—unstruck metal discs prepared to be minted into coins. The term is especially used for ancient/medieval hammered coin flans.","- “Schrötlinge” is a broader concept of “Zahlungsmittel”.  
- “Zahlungsmittel” has the narrower concept “Schrötlinge”."
http://thesauri.dainst.org/_0eb38af1,Source,Class,gef ngnisse,"In archaeology, Gefängnisse (German) refers to prisons—structures used to confine people—often studied as historical sites to understand past legal systems, social control, and architecture.","- “Gefängnisse” ist ein Oberbegriff von “Öffentliche Bauten”.  
- “Öffentliche Bauten” ist ein Unterbegriff von “Gefängnisse”."
http://thesauri.dainst.org/_0ec2d1e3,Source,Class,weinschl uche,"In archaeology, Weinschläuche (German) refers to wine skins—animal-skin containers used in antiquity to store and transport wine.","- ""<nach Typ>"" has narrower concept ""Weinschläuche"".
- ""Weinschläuche"" has broader concept ""<nach Typ>""."
http://thesauri.dainst.org/_0ecd6898,Source,Class,bibliotheken,"In this context, “Bibliotheken” refers to the libraries of the ROM and the RGK—i.e., the institutional research libraries of the Römisch-Germanisches Zentralmuseum (RGZM/ROM) and the Römisch-Germanische Kommission (RGK)—which house archaeological literature and resources.","- “Bibliotheken” is a broader concept’s narrower term of “Öffentliche Bauten.”
- “Bibliotheken” is related to “_2b1a1518.”
- “Öffentliche Bauten” has the narrower concept “Bibliotheken.”"
http://thesauri.dainst.org/_0ed6965c,Source,Class,tabulae,"In archaeology, tabulae (singular: tabula) are writing tablets—typically wooden boards coated with wax or thin metal/stone sheets—used in antiquity for recording texts, accounts, or inscriptions.","- “Bild- und Schriftträger” has narrower concept “Tabulae”.
- “Tabulae” has broader concept “Bild- und Schriftträger”."
http://thesauri.dainst.org/_0edf5da0,Source,Class,unterbrochen,"In archaeology, the German word “unterbrochen” means “interrupted” or “broken/ discontinuous.” It’s often used to describe features or patterns that are not continuous, e.g., an unterbrochener Graben (interrupted ditch) or unterbrochene Dekoration (discontinuous decoration).","- “unterbrochen” is a narrower concept of “Merkmale der Form”.
- “Merkmale der Form” has the narrower concept “unterbrochen”.
- “Merkmale der Form” is a broader concept of “unterbrochen”.
- “unterbrochen” has the broader concept “Merkmale der Form”."
http://thesauri.dainst.org/_0ee188b4,Source,Class,scheiden,"In archaeology, Scheiden (German) refers to scabbards or sheathes—protective coverings for blades (e.g., swords, knives). It often appears in artifact descriptions (e.g., Bronzescheiden = bronze scabbards).","- “Militaria/Waffen” has narrower concept “Scheiden”.
- “Scheiden” has broader concept “Militaria/Waffen”."
http://thesauri.dainst.org/_0ef8356a,Source,Class,etruskisch,"“Etruskisch” (German) means “Etruscan” in archaeology—relating to the ancient Etruscan civilization, people, language, or culture of central Italy (c. 9th–1st centuries BCE).","- „etruskisch“ ist ein engerer Begriff von „Geographisch-kulturelle Merkmale“.
- „Geographisch-kulturelle Merkmale“ hat den engeren Begriff „etruskisch“.
- „etruskisch“ ist ein weiterer/assoziierter Begriff zu „_3590e1ca“."
http://thesauri.dainst.org/_0f103f42,Source,Class,r ckseitig,"In archaeology, rückseitig (German) means “on the reverse side” or “on the back,” referring to the back/reverse face of an artifact, inscription, or sherd.","- “Merkmale der Form” has the narrower concept “rückseitig”.
- “rückseitig” has the broader concept “Merkmale der Form”."
http://thesauri.dainst.org/_0f2f60c5,Source,Class,becken,"In archaeology (German context), Becken refers to a basin-like vessel—typically a wide, open container used for holding liquids or offerings. It is grouped with Schüsseln/Schalen (bowls/dishes) and Hanseschalen (Hanseatic bowls), indicating shallow to moderately deep metal or ceramic containers used in domestic, ritual, or trade contexts.","- “<nach Formen>” has narrower concept “Becken”.
- “Becken” has broader concept “<nach Formen>”."
http://thesauri.dainst.org/_0f4d932f,Source,Class,alt re,"In archaeology (ebenso bei Sakralobjekte), “Altäre” is the German plural for “altars”: cultic/sacral structures used for offerings, rituals, or worship, typically found in religious contexts (temples, sanctuaries, shrines).","- Aschenaltäre is a broader concept of Altäre.
- Baldachinaltäre is a broader concept of Altäre.
- Brandopferaltäre is a broader concept of Altäre.
- Bukranienaltäre is a broader concept of Altäre.
- Felsaltäre is a broader concept of Altäre.
- Grabaltäre is a broader concept of Altäre.
- Hofaltäre is a broader concept of Altäre.
- Larenaltäre is a broader concept of Altäre.
- Monolithaltäre is a broader concept of Altäre.
- Monumentalaltäre is a broader concept of Altäre.
- Plattenaltäre is a broader concept of Altäre.
- Pseudomonolithaltäre is a broader concept of Altäre.
- Sakralbauten has narrower concept Altäre.
- Schrankenaltäre is a broader concept of Altäre.
- Steinhaufenaltäre is a broader concept of Altäre.
- Triglyphenaltäre is a broader concept of Altäre.
- Turmaltäre is a broader concept of Altäre.
- Volutenaltäre is a broader concept of Altäre.
- Wangenaltäre is a broader concept of Altäre.
- Altäre is a broader concept of Sakralbauten.
- Altäre has narrower concept Aschenaltäre.
- Altäre has narrower concept Baldachinaltäre.
- Altäre has narrower concept Brandopferaltäre.
- Altäre has narrower concept Bukranienaltäre.
- Altäre has narrower concept Felsaltäre.
- Altäre has narrower concept Grabaltäre.
- Altäre has narrower concept Hofaltäre.
- Altäre has narrower concept Larenaltäre.
- Altäre has narrower concept Monolithaltäre.
- Altäre has narrower concept Monumentalaltäre.
- Altäre has narrower concept Plattenaltäre.
- Altäre has narrower concept Pseudomonolithaltäre.
- Altäre has narrower concept Schrankenaltäre.
- Altäre has narrower concept Steinhaufenaltäre.
- Altäre has narrower concept Triglyphenaltäre.
- Altäre has narrower concept Turmaltäre.
- Altäre has narrower concept Volutenaltäre.
- Altäre has narrower concept Wangenaltäre."
http://thesauri.dainst.org/_0f55d6d3,Source,Class,akroterbasen,"In archaeology/architectural history, “Akroterbasen” (German) means the base or plinth on which an akroterion (a decorative element placed at the apex or corners of a pediment) is mounted.","- “Akroterbasen” is a broader concept’s narrower term of “Basen.”
- “Basen” has the narrower concept “Akroterbasen.”"
http://thesauri.dainst.org/_0fa2ed04,Source,Class,spielsteine,"In archaeology, Spielsteine (German) refers to gaming pieces—small counters or tokens used in ancient board or dice games.","- “Spielsteine” ist ein Oberbegriff von “Spielzeug”. (broader)
- “Spielzeug” hat den Unterbegriff “Spielsteine”. (narrower)"
http://thesauri.dainst.org/_0fafc204,Source,Class,slawisch,"In archaeology context, “slawisch” is German for “Slavic” — relating to Slavic peoples, cultures, languages, or material remains (e.g., Slavic pottery, settlements) in Central/Eastern Europe.","- “Geographisch-kulturelle Merkmale” has narrower concept “slawisch”.
- “Slawische Keramik” is related to “slawisch”.
- “slawisch” is a broader concept of “Geographisch-kulturelle Merkmale”.
- “slawisch” is related to “Slawische Keramik”.
- “slawisch” is related to “_9902eb22”."
http://thesauri.dainst.org/_0fca3e00,Source,Class,st lle,"In archaeology (particularly in Swedish contexts), Ställe (singular: ställe) refers to a “site” or “place,” i.e., a specific location of interest where archaeological remains or features are present. It denotes the spot or locality under investigation or recording.","- Gewerbe-/Wirtschaftsbauten has narrower concept Ställe.
- Ställe has broader concept Gewerbe-/Wirtschaftsbauten."
http://thesauri.dainst.org/_0fd97c2a,Source,Class,stelen,"In archaeology, “Stelen” (German; singular: Stele) refers to upright stone slabs or pillars, often inscribed or carved, used as monuments, grave markers, boundary stones, or commemorative/dedicatory markers. They can bear texts, reliefs, or symbolic imagery.","- “Markierungen (Objekte)” has narrower concept “Stelen”.
- “Stelen” has broader concept “Markierungen (Objekte)”."
http://thesauri.dainst.org/_0ff90f12,Source,Class,gie ereien,"In archaeology, Gießereien (German) refers to foundries—workshops where metal was melted and cast into objects (e.g., tools, weapons, ornaments) using molds.","- “Gießereien” ist eine Unterkategorie von “Gewerbe-/Wirtschaftsbauten”.
- “Gewerbe-/Wirtschaftsbauten” ist eine Oberkategorie von “Gießereien”."
http://thesauri.dainst.org/_101a7e41,Source,Class,plinthen,"In archaeology, Plinthen (German: Plinthe; plural Plinthen) are square or rectangular paving slabs or tiles—often of fired clay or stone—used to form floors or pavements in ancient structures.","- “Objektkomponenten” has the narrower concept “Plinthen”.
- “Plinthen” has the broader concept “Objektkomponenten”."
